idReserva,idUsuario,idEspacio,fechaReserva,idTarifa,horaInicio,horaFin
500,1,1,2025-02-24,1000,15:42:51,19:53:24
501,2,2,2025-01-21,1001,23:53:25,04:31:54
502,3,3,2024-10-03,1002,01:40:01,18:47:41
503,4,4,2024-07-30,1003,15:09:38,09:53:31
504,5,5,2024-11-21,1004,14:03:08,08:09:44
505,6,6,2025-01-29,1005,13:31:30,03:06:40
506,7,7,2024-11-21,1006,05:13:36,10:46:57
507,8,8,2024-09-06,1007,11:04:44,14:21:37
508,9,9,2024-12-08,1008,21:08:48,02:43:48
509,10,10,2024-09-15,1009,04:10:37,08:10:09
510,11,11,2024-11-15,1010,23:23:00,09:38:28
511,12,12,2024-11-09,1011,19:34:14,06:47:41
512,13,13,2024-08-15,1012,20:33:00,14:49:47
513,14,14,2024-12-11,1013,14:50:51,22:27:18
514,15,15,2024-09-27,1014,09:01:39,02:01:30
515,16,16,2024-08-27,1015,11:14:17,06:22:04
516,17,17,2025-01-11,1016,01:29:22,11:35:04
517,18,18,2024-08-08,1017,17:16:30,06:48:31
518,19,19,2024-10-12,1018,00:01:33,07:37:54
519,20,20,2024-06-24,1019,05:16:57,18:00:58
520,21,21,2025-02-15,1020,10:15:58,02:37:28
521,22,22,2024-10-04,1021,05:43:52,16:51:43
522,23,23,2024-07-05,1022,08:48:34,22:08:18
523,24,24,2025-04-19,1023,19:51:00,09:18:18
524,25,25,2024-10-31,1024,15:47:01,06:53:37
525,26,26,2025-03-31,1025,17:51:42,22:29:58
526,27,27,2025-02-07,1026,02:27:55,09:49:50
527,28,28,2025-01-25,1027,21:41:15,05:09:13
528,29,29,2025-03-04,1028,02:25:55,06:50:06
529,30,30,2024-08-29,1029,23:06:18,02:23:40
530,31,31,2025-01-21,1030,11:51:19,22:10:33
531,32,32,2024-10-13,1031,05:19:07,18:14:31
532,33,33,2025-03-05,1032,17:37:27,00:59:46
533,34,34,2024-11-10,1033,00:27:56,00:17:25
534,35,35,2024-08-25,1034,10:19:18,23:00:06
535,36,36,2025-03-26,1035,16:33:26,03:53:08
536,37,37,2025-05-23,1036,23:09:55,14:20:13
537,38,38,2024-09-30,1037,21:27:20,08:43:58
538,39,39,2025-06-05,1038,18:08:23,06:03:53
539,40,40,2024-09-01,1039,04:19:30,14:08:37
540,41,41,2024-07-12,1040,09:21:55,20:34:02
541,42,42,2025-04-20,1041,00:43:08,06:22:46
542,43,43,2024-07-21,1042,23:42:50,11:44:07
543,44,44,2024-12-08,1043,22:19:01,01:25:25
544,45,45,2025-01-24,1044,02:54:38,04:02:24
545,46,46,2025-04-29,1045,16:25:59,10:40:24
546,47,47,2024-07-25,1046,22:56:33,05:09:38
547,48,48,2024-12-10,1047,19:13:19,12:48:29
548,49,49,2025-05-22,1048,23:55:04,04:10:17
549,50,50,2025-02-11,1049,14:47:36,18:33:37
550,51,51,2024-09-24,1050,23:18:53,19:32:43
551,52,52,2024-11-20,1051,21:49:33,00:50:58
552,53,53,2024-06-26,1052,00:02:43,07:03:15
553,54,54,2024-12-17,1053,15:59:22,01:45:58
554,55,55,2025-01-15,1054,01:53:18,21:23:37
555,56,56,2025-04-23,1055,07:45:26,23:21:16
556,57,57,2024-08-25,1056,15:58:07,04:47:00
557,58,58,2024-06-29,1057,06:19:43,15:14:45
558,59,59,2024-09-18,1058,09:05:27,11:34:56
559,60,60,2024-09-03,1059,22:00:22,15:40:40
560,61,61,2024-12-30,1060,09:10:30,09:48:02
561,62,62,2024-07-08,1061,03:03:08,18:11:36
562,63,63,2025-03-04,1062,04:31:57,11:35:35
563,64,64,2025-05-23,1063,18:13:40,04:13:01
564,65,65,2025-06-19,1064,15:09:29,17:36:16
565,66,66,2024-08-29,1065,14:18:58,02:26:30
566,67,67,2025-06-07,1066,01:20:11,07:31:46
567,68,68,2024-11-06,1067,11:01:46,21:24:39
568,69,69,2024-12-09,1068,04:00:40,12:43:37
569,70,70,2024-12-08,1069,08:05:06,23:31:32
570,71,71,2025-05-30,1070,21:30:44,02:47:16
571,72,72,2024-08-06,1071,21:16:49,17:37:42
572,73,73,2024-11-17,1072,13:44:14,04:21:32
573,74,74,2025-03-28,1073,13:21:58,03:06:27
574,75,75,2024-12-08,1074,18:14:26,10:42:13
575,76,76,2024-07-24,1075,10:31:00,05:53:43
576,77,77,2025-01-17,1076,03:44:47,15:10:38
577,78,78,2025-05-10,1077,09:11:01,20:14:33
578,79,79,2024-09-16,1078,01:46:13,13:43:14
579,80,80,2025-02-23,1079,21:41:21,09:04:03
580,81,81,2024-07-14,1080,07:19:04,22:51:02
581,82,82,2024-09-05,1081,17:59:54,03:52:31
582,83,83,2024-09-27,1082,18:08:27,11:47:28
583,84,84,2025-02-02,1083,12:16:21,12:16:47
584,85,85,2025-05-24,1084,14:29:50,18:31:03
585,86,86,2024-07-22,1085,09:05:44,07:11:16
586,87,87,2024-10-10,1086,04:19:26,01:12:47
587,88,88,2025-04-19,1087,22:10:50,07:02:23
588,89,89,2024-10-01,1088,08:06:20,14:26:42
589,90,90,2024-10-09,1089,01:35:14,18:43:14
590,91,91,2025-03-16,1090,04:37:27,10:09:15
591,92,92,2024-07-12,1091,18:46:28,13:51:12
592,93,93,2024-09-14,1092,19:53:15,12:27:30
593,94,94,2025-04-16,1093,23:25:33,11:50:47
594,95,95,2024-10-04,1094,18:28:19,23:35:39
595,96,96,2024-07-11,1095,08:17:49,19:32:11
596,97,97,2024-11-19,1096,16:47:57,12:00:09
597,98,98,2025-04-24,1097,00:46:15,05:27:07
598,99,99,2024-07-19,1098,23:24:01,23:08:03
599,100,100,2025-03-28,1099,17:17:50,00:23:14
600,101,101,2025-01-31,1100,18:41:00,03:36:56
601,102,102,2024-08-28,1101,01:09:24,19:40:40
602,103,103,2025-05-17,1102,20:43:17,04:54:10
603,104,104,2024-12-13,1103,16:10:29,21:55:12
604,105,105,2024-07-30,1104,22:42:23,21:20:21
605,106,106,2024-09-07,1105,07:02:16,11:55:04
606,107,107,2025-03-11,1106,11:32:45,04:18:48
607,108,108,2025-02-07,1107,02:35:30,07:02:29
608,109,109,2024-07-28,1108,14:09:33,11:32:49
609,110,110,2025-05-24,1109,07:01:58,13:52:37
610,111,111,2025-01-01,1110,18:07:45,06:48:09
611,112,112,2024-10-18,1111,23:10:32,05:46:31
612,113,113,2024-08-30,1112,20:38:56,03:14:22
613,114,114,2024-11-11,1113,23:55:04,15:01:06
614,115,115,2025-05-17,1114,08:36:14,00:06:24
615,116,116,2024-10-05,1115,22:22:49,20:12:33
616,117,117,2025-01-08,1116,05:39:59,02:57:31
617,118,118,2024-09-15,1117,14:31:28,15:25:05
618,119,119,2024-08-30,1118,09:38:44,03:29:56
619,120,120,2024-10-23,1119,23:42:33,09:54:06
620,121,121,2024-08-03,1120,06:42:09,02:15:00
621,122,122,2025-02-17,1121,06:14:26,22:51:10
622,123,123,2024-12-31,1122,15:26:23,18:45:27
623,124,124,2025-04-04,1123,17:10:31,16:28:05
624,125,125,2025-05-28,1124,22:38:40,15:27:54
625,126,126,2024-07-04,1125,21:27:13,03:33:59
626,127,127,2025-06-20,1126,06:31:58,14:31:31
627,128,128,2024-07-13,1127,23:07:22,11:01:52
628,129,129,2025-03-12,1128,07:24:47,00:32:11
629,130,130,2024-09-21,1129,05:18:21,21:59:58
630,131,131,2024-09-27,1130,17:58:31,14:03:31
631,132,132,2025-04-23,1131,15:19:47,04:50:27
632,133,133,2024-07-03,1132,21:55:59,04:58:40
633,134,134,2024-10-28,1133,05:29:06,21:23:57
634,135,135,2025-05-17,1134,04:26:13,07:25:13
635,136,136,2024-12-18,1135,13:35:56,07:52:38
636,137,137,2025-05-08,1136,08:12:46,16:42:22
637,138,138,2024-11-25,1137,11:31:40,07:12:41
638,139,139,2025-05-06,1138,04:23:22,16:35:34
639,140,140,2024-11-11,1139,05:56:22,02:50:54
640,141,141,2025-03-15,1140,08:08:21,21:44:53
641,142,142,2024-10-13,1141,17:11:43,13:19:34
642,143,143,2025-03-29,1142,03:04:47,05:10:02
643,144,144,2024-12-07,1143,18:43:58,20:09:52
644,145,145,2024-09-08,1144,23:21:57,09:16:19
645,146,146,2025-06-10,1145,03:06:22,23:48:44
646,147,147,2025-02-22,1146,23:35:33,00:34:43
647,148,148,2024-07-10,1147,20:52:51,21:53:10
648,149,149,2025-04-19,1148,15:52:27,00:09:55
649,150,150,2024-08-31,1149,22:01:03,14:10:44
650,151,151,2024-12-15,1150,08:46:53,07:31:48
651,152,152,2025-04-10,1151,06:11:47,18:39:28
652,153,153,2024-12-24,1152,11:15:22,22:26:48
653,154,154,2025-01-18,1153,09:39:03,14:38:29
654,155,155,2024-12-13,1154,20:27:16,03:47:51
655,156,156,2025-01-19,1155,12:42:02,02:12:57
656,157,157,2024-08-05,1156,17:11:48,20:18:53
657,158,158,2024-07-26,1157,06:04:21,13:06:07
658,159,159,2025-02-27,1158,16:34:31,17:32:49
659,160,160,2025-04-17,1159,18:58:16,05:21:52
660,161,161,2025-03-22,1160,15:33:14,20:38:48
661,162,162,2024-08-23,1161,15:11:49,15:06:32
662,163,163,2025-03-18,1162,19:53:10,17:24:53
663,164,164,2024-10-05,1163,02:27:40,22:40:33
664,165,165,2024-11-23,1164,23:31:03,04:02:21
665,166,166,2024-09-28,1165,10:37:05,05:53:46
666,167,167,2025-04-18,1166,04:56:34,02:07:05
667,168,168,2025-02-18,1167,16:02:45,14:56:31
668,169,169,2025-04-23,1168,01:38:21,21:08:46
669,170,170,2025-03-04,1169,23:38:25,12:23:02
670,171,171,2024-10-23,1170,13:16:58,21:36:49
671,172,172,2024-08-26,1171,22:28:06,07:35:10
672,173,173,2024-09-20,1172,08:05:55,02:53:36
673,174,174,2025-05-08,1173,16:16:00,09:14:37
674,175,175,2025-01-26,1174,13:25:43,05:20:24
675,176,176,2024-11-15,1175,17:14:31,02:54:01
676,177,177,2025-01-26,1176,12:16:38,05:59:48
677,178,178,2025-03-01,1177,06:28:03,03:19:55
678,179,179,2025-03-05,1178,03:14:48,10:57:40
679,180,180,2025-01-14,1179,22:40:51,19:07:19
680,181,181,2024-09-24,1180,07:20:58,09:27:50
681,182,182,2025-06-07,1181,09:09:59,20:16:49
682,183,183,2025-03-21,1182,12:30:44,13:51:57
683,184,184,2025-03-04,1183,21:28:34,17:34:29
684,185,185,2025-01-15,1184,20:28:10,06:29:39
685,186,186,2024-07-08,1185,05:56:30,19:46:25
686,187,187,2025-06-08,1186,16:21:16,07:18:43
687,188,188,2025-05-02,1187,03:40:28,18:01:40
688,189,189,2025-06-04,1188,07:40:32,19:24:25
689,190,190,2024-11-26,1189,13:53:25,19:07:48
690,191,191,2024-09-18,1190,08:34:47,22:59:56
691,192,192,2025-03-22,1191,09:41:27,20:18:47
692,193,193,2024-11-07,1192,12:46:17,18:22:28
693,194,194,2024-07-24,1193,05:46:22,17:59:36
694,195,195,2024-12-27,1194,21:48:28,07:15:33
695,196,196,2025-05-14,1195,08:32:18,08:45:07
696,197,197,2024-07-07,1196,05:06:15,16:58:59
697,198,198,2025-03-17,1197,23:29:41,11:37:24
698,199,199,2024-10-17,1198,19:18:15,13:12:14
699,200,200,2025-05-22,1199,05:20:45,16:56:03
700,201,201,2025-04-21,1200,06:22:44,23:55:03
701,202,202,2025-01-11,1201,09:11:42,18:40:26
702,203,203,2025-01-09,1202,22:06:40,09:32:47
703,204,204,2024-08-03,1203,21:11:29,23:19:22
704,205,205,2025-04-15,1204,12:48:31,21:38:27
705,206,206,2024-11-22,1205,16:28:27,08:20:52
706,207,207,2025-02-27,1206,19:51:17,15:37:47
707,208,208,2024-09-06,1207,06:28:00,09:17:14
708,209,209,2025-02-03,1208,21:07:46,04:42:16
709,210,210,2024-08-16,1209,14:27:03,00:53:11
710,211,211,2025-03-17,1210,12:51:15,06:38:44
711,212,212,2024-08-26,1211,05:54:52,22:34:47
712,213,213,2024-11-16,1212,03:37:50,07:06:32
713,214,214,2025-02-07,1213,11:22:06,03:38:21
714,215,215,2024-10-06,1214,03:35:37,04:50:20
715,216,216,2025-04-11,1215,14:44:21,03:51:29
716,217,217,2025-03-07,1216,10:37:28,13:33:16
717,218,218,2024-12-23,1217,03:23:06,03:33:45
718,219,219,2025-03-05,1218,23:47:47,09:50:45
719,220,220,2025-03-26,1219,15:51:13,04:34:49
720,221,221,2025-03-17,1220,11:12:45,15:12:46
721,222,222,2025-05-02,1221,12:46:04,07:10:06
722,223,223,2024-09-09,1222,12:49:20,05:46:51
723,224,224,2024-07-03,1223,06:41:45,16:38:40
724,225,225,2024-08-15,1224,12:26:59,16:23:56
725,226,226,2025-03-01,1225,06:19:21,01:44:37
726,227,227,2025-02-21,1226,11:16:06,03:25:41
727,228,228,2025-02-04,1227,12:19:49,11:04:35
728,229,229,2025-04-27,1228,03:03:45,00:42:12
729,230,230,2024-09-23,1229,08:06:03,00:37:41
730,231,231,2025-03-01,1230,05:30:42,18:55:13
731,232,232,2025-03-06,1231,01:50:01,12:01:04
732,233,233,2024-08-27,1232,18:15:54,03:39:28
733,234,234,2025-03-20,1233,17:19:13,09:40:54
734,235,235,2024-07-21,1234,07:47:52,02:02:54
735,236,236,2024-09-03,1235,10:52:35,15:29:21
736,237,237,2024-10-19,1236,15:55:04,02:36:42
737,238,238,2024-10-29,1237,06:22:43,19:49:47
738,239,239,2024-08-18,1238,19:57:42,02:27:54
739,240,240,2024-12-13,1239,15:16:04,08:08:39
740,241,241,2024-10-13,1240,01:15:58,16:25:28
741,242,242,2025-05-05,1241,00:23:59,15:43:14
742,243,243,2024-12-30,1242,13:10:08,04:24:07
743,244,244,2024-12-06,1243,16:47:42,03:47:29
744,245,245,2024-08-18,1244,10:00:00,21:20:16
745,246,246,2024-09-14,1245,10:02:10,14:47:09
746,247,247,2025-05-03,1246,08:10:58,08:48:34
747,248,248,2025-01-20,1247,08:52:23,22:24:57
748,249,249,2025-03-03,1248,02:56:56,09:26:23
749,250,250,2025-04-01,1249,00:04:58,16:34:44
750,251,251,2025-04-19,1250,23:10:16,13:37:24
751,252,252,2025-03-01,1251,19:02:51,22:58:26
752,253,253,2025-04-01,1252,16:13:17,22:19:59
753,254,254,2025-03-13,1253,13:03:09,14:16:56
754,255,255,2024-06-24,1254,22:10:19,14:28:03
755,256,256,2025-03-28,1255,20:46:29,16:28:13
756,257,257,2024-12-16,1256,02:44:52,07:25:45
757,258,258,2025-03-10,1257,08:41:17,00:59:45
758,259,259,2025-02-09,1258,07:39:08,15:14:08
759,260,260,2024-11-14,1259,20:36:55,18:07:58
760,261,261,2024-12-27,1260,06:27:39,01:34:55
761,262,262,2024-12-17,1261,16:49:12,01:21:27
762,263,263,2024-06-25,1262,08:14:37,00:15:06
763,264,264,2025-05-18,1263,03:05:29,19:54:03
764,265,265,2024-08-12,1264,07:12:22,02:14:43
765,266,266,2025-05-23,1265,18:21:26,01:13:11
766,267,267,2024-06-30,1266,07:21:48,16:29:17
767,268,268,2025-06-13,1267,13:36:37,21:33:44
768,269,269,2024-07-22,1268,00:05:06,16:17:12
769,270,270,2024-08-07,1269,15:32:41,19:21:13
770,271,271,2024-09-03,1270,22:37:08,07:01:03
771,272,272,2024-12-31,1271,04:16:29,21:38:20
772,273,273,2025-03-17,1272,17:24:44,18:01:33
773,274,274,2025-04-15,1273,14:43:49,01:01:02
774,275,275,2024-12-20,1274,16:50:23,00:28:31
775,276,276,2024-12-13,1275,07:24:43,20:35:19
776,277,277,2025-04-15,1276,09:30:19,05:56:24
777,278,278,2025-02-27,1277,00:30:10,03:44:07
778,279,279,2025-05-02,1278,12:57:10,07:48:08
779,280,280,2025-05-08,1279,17:32:27,18:29:04
780,281,281,2024-07-29,1280,07:37:33,14:37:15
781,282,282,2024-12-31,1281,09:30:34,09:58:40
782,283,283,2025-05-14,1282,01:58:32,19:16:01
783,284,284,2025-01-08,1283,10:39:14,03:42:09
784,285,285,2025-06-21,1284,01:29:10,14:43:54
785,286,286,2025-03-13,1285,20:56:47,14:25:36
786,287,287,2024-07-03,1286,22:43:41,02:11:24
787,288,288,2024-11-17,1287,19:15:38,06:54:46
788,289,289,2024-12-30,1288,14:53:14,08:35:09
789,290,290,2024-12-20,1289,09:18:53,06:19:37
790,291,291,2024-10-13,1290,08:24:45,14:22:32
791,292,292,2024-08-04,1291,20:34:33,10:34:54
792,293,293,2025-01-27,1292,09:36:54,07:44:21
793,294,294,2025-02-13,1293,17:32:05,02:02:43
794,295,295,2025-01-20,1294,23:58:17,13:03:57
795,296,296,2025-06-12,1295,10:38:13,13:36:49
796,297,297,2024-08-22,1296,13:55:50,23:25:51
797,298,298,2024-11-25,1297,16:16:18,07:33:41
798,299,299,2024-11-09,1298,21:45:23,19:20:42
799,300,300,2024-08-20,1299,18:40:41,08:12:01
800,301,301,2025-03-27,1300,02:27:37,04:19:08
801,302,302,2024-10-11,1301,16:02:29,19:38:41
802,303,303,2025-06-07,1302,09:15:52,09:59:02
803,304,304,2024-10-25,1303,21:29:40,09:00:54
804,305,305,2025-05-02,1304,17:58:22,01:15:54
805,306,306,2024-07-21,1305,12:53:36,17:15:31
806,307,307,2025-04-16,1306,16:46:04,03:31:39
807,308,308,2025-01-27,1307,16:07:14,10:32:26
808,309,309,2024-08-04,1308,05:14:11,12:09:23
809,310,310,2024-12-06,1309,22:19:56,01:55:19
810,311,311,2024-11-20,1310,18:59:35,22:59:51
811,312,312,2025-02-27,1311,08:06:13,07:36:19
812,313,313,2024-10-02,1312,14:30:57,09:34:57
813,314,314,2024-10-16,1313,14:36:55,12:53:08
814,315,315,2024-06-28,1314,12:52:14,06:46:47
815,316,316,2025-04-06,1315,20:15:27,20:47:11
816,317,317,2025-01-06,1316,17:32:23,05:07:33
817,318,318,2025-06-10,1317,17:12:16,05:08:14
818,319,319,2024-08-25,1318,16:23:00,09:09:23
819,320,320,2025-03-17,1319,16:51:59,08:00:22
820,321,321,2025-05-10,1320,05:16:16,21:59:19
821,322,322,2024-10-06,1321,17:35:34,00:49:56
822,323,323,2024-12-24,1322,14:33:34,01:10:29
823,324,324,2024-11-23,1323,07:37:22,07:29:39
824,325,325,2024-11-24,1324,08:09:13,23:36:19
825,326,326,2024-08-31,1325,21:45:18,11:28:08
826,327,327,2025-03-24,1326,09:55:10,20:17:48
827,328,328,2025-03-12,1327,16:15:07,00:13:14
828,329,329,2024-09-25,1328,21:15:51,07:01:57
829,330,330,2024-08-29,1329,07:19:29,23:39:32
830,331,331,2025-03-24,1330,21:57:32,01:35:41
831,332,332,2024-12-12,1331,22:19:27,15:56:13
832,333,333,2024-10-05,1332,15:12:09,03:58:26
833,334,334,2025-03-09,1333,17:53:05,10:02:04
834,335,335,2024-10-13,1334,05:57:56,12:25:25
835,336,336,2025-04-08,1335,03:40:44,04:47:44
836,337,337,2024-08-20,1336,23:15:05,16:52:24
837,338,338,2025-02-15,1337,12:41:34,21:03:41
838,339,339,2024-06-28,1338,11:33:27,00:10:37
839,340,340,2025-03-07,1339,08:25:10,11:41:11
840,341,341,2024-12-29,1340,15:06:01,13:26:56
841,342,342,2025-03-15,1341,23:57:10,04:05:03
842,343,343,2025-04-08,1342,18:13:32,23:59:27
843,344,344,2024-11-07,1343,18:00:06,05:04:45
844,345,345,2025-01-13,1344,22:10:36,22:05:46
845,346,346,2025-02-25,1345,20:34:01,22:21:53
846,347,347,2025-01-11,1346,17:14:55,23:59:21
847,348,348,2025-02-13,1347,06:17:30,04:43:32
848,349,349,2024-09-30,1348,03:36:32,04:53:27
849,350,350,2024-09-22,1349,16:08:34,22:46:13
850,351,351,2025-05-07,1350,17:58:51,21:15:16
851,352,352,2025-03-28,1351,03:38:48,00:03:51
852,353,353,2025-01-19,1352,08:55:49,05:04:11
853,354,354,2025-04-27,1353,04:57:33,20:27:59
854,355,355,2025-06-12,1354,05:12:58,13:38:47
855,356,356,2025-05-18,1355,16:53:51,08:06:38
856,357,357,2025-02-10,1356,21:02:33,10:37:05
857,358,358,2025-04-20,1357,23:47:21,09:38:05
858,359,359,2024-08-10,1358,02:41:12,03:12:12
859,360,360,2024-12-02,1359,09:49:42,07:23:32
860,361,361,2024-07-10,1360,21:16:06,16:54:36
861,362,362,2024-11-07,1361,15:00:36,20:47:15
862,363,363,2024-10-22,1362,10:57:43,11:58:41
863,364,364,2025-04-08,1363,23:23:06,19:23:00
864,365,365,2025-03-22,1364,08:11:36,05:18:11
865,366,366,2024-09-17,1365,13:21:22,14:30:18
866,367,367,2024-12-01,1366,19:08:45,15:38:56
867,368,368,2025-01-10,1367,17:20:26,09:49:47
868,369,369,2025-06-22,1368,05:10:53,07:09:41
869,370,370,2025-04-25,1369,08:59:08,13:41:12
870,371,371,2025-01-26,1370,17:45:28,17:08:18
871,372,372,2025-03-16,1371,23:12:39,01:57:23
872,373,373,2025-01-17,1372,14:18:39,03:48:06
873,374,374,2024-10-10,1373,03:40:50,23:56:31
874,375,375,2024-12-22,1374,09:18:38,02:49:13
875,376,376,2024-08-04,1375,02:10:57,23:28:21
876,377,377,2024-07-26,1376,03:56:42,14:12:59
877,378,378,2024-08-17,1377,21:39:52,21:35:37
878,379,379,2024-08-21,1378,03:12:06,17:07:41
879,380,380,2024-12-02,1379,07:21:12,02:55:11
880,381,381,2024-12-04,1380,07:17:23,20:43:05
881,382,382,2025-05-10,1381,18:44:28,16:50:26
882,383,383,2024-10-26,1382,19:50:03,09:11:36
883,384,384,2025-01-23,1383,09:11:24,10:02:51
884,385,385,2024-12-13,1384,10:11:26,13:31:10
885,386,386,2024-11-19,1385,17:27:01,14:40:11
886,387,387,2024-12-07,1386,06:25:15,06:31:19
887,388,388,2025-01-30,1387,16:32:23,00:08:54
888,389,389,2024-12-22,1388,03:38:55,15:13:36
889,390,390,2025-02-20,1389,23:58:10,22:36:56
890,391,391,2025-02-18,1390,07:24:26,01:39:52
891,392,392,2024-12-31,1391,07:34:34,17:03:03
892,393,393,2025-04-20,1392,03:27:26,16:34:11
893,394,394,2024-12-18,1393,10:52:14,22:00:28
894,395,395,2024-08-03,1394,23:28:42,17:45:10
895,396,396,2024-12-12,1395,08:13:48,13:15:55
896,397,397,2024-07-14,1396,16:10:37,13:32:16
897,398,398,2025-01-14,1397,10:51:18,01:59:42
898,399,399,2024-06-30,1398,21:15:45,12:33:40
899,400,400,2024-10-10,1399,08:24:03,08:18:03
900,401,401,2025-03-30,1400,07:51:29,21:29:30
901,402,402,2024-07-19,1401,10:49:43,05:25:25
902,403,403,2025-02-26,1402,06:32:16,15:35:06
903,404,404,2024-09-26,1403,18:25:16,05:28:58
904,405,405,2025-01-19,1404,18:08:15,23:36:08
905,406,406,2025-06-02,1405,22:07:33,04:08:13
906,407,407,2024-12-18,1406,03:08:27,22:29:46
907,408,408,2024-09-24,1407,22:33:26,11:10:28
908,409,409,2024-11-25,1408,00:33:16,02:38:24
909,410,410,2024-09-06,1409,11:36:24,21:10:32
910,411,411,2024-07-01,1410,13:48:03,06:41:21
911,412,412,2024-07-25,1411,15:45:12,03:05:47
912,413,413,2024-11-14,1412,16:18:50,04:47:11
913,414,414,2024-12-04,1413,04:58:59,15:28:11
914,415,415,2024-09-30,1414,12:08:14,22:51:56
915,416,416,2025-01-24,1415,01:44:35,18:26:31
916,417,417,2025-02-15,1416,12:43:35,06:28:24
917,418,418,2024-06-26,1417,08:05:33,21:46:56
918,419,419,2025-02-17,1418,02:43:06,18:20:20
919,420,420,2024-07-31,1419,04:10:05,19:19:45
920,421,421,2024-10-14,1420,21:51:15,16:02:54
921,422,422,2024-10-04,1421,19:45:25,00:26:25
922,423,423,2025-04-24,1422,08:00:54,06:03:30
923,424,424,2024-08-14,1423,15:57:03,23:13:28
924,425,425,2025-03-29,1424,04:31:24,20:11:58
925,426,426,2025-03-23,1425,20:27:10,20:07:49
926,427,427,2025-02-18,1426,00:10:36,10:44:07
927,428,428,2025-06-23,1427,07:13:20,20:31:08
928,429,429,2024-11-26,1428,05:53:47,21:23:45
929,430,430,2024-07-15,1429,00:07:29,07:01:49
930,431,431,2024-09-19,1430,20:09:05,21:04:25
931,432,432,2024-10-23,1431,03:38:56,03:21:06
932,433,433,2024-09-04,1432,15:25:11,14:29:25
933,434,434,2025-03-10,1433,05:19:01,22:32:01
934,435,435,2025-05-23,1434,05:55:02,16:02:41
935,436,436,2024-11-09,1435,01:52:15,21:46:18
936,437,437,2024-12-28,1436,14:06:45,10:55:12
937,438,438,2025-01-23,1437,11:58:28,22:39:40
938,439,439,2024-09-13,1438,01:43:00,02:56:23
939,440,440,2024-09-22,1439,14:04:24,20:34:54
940,441,441,2025-06-06,1440,14:51:56,08:29:26
941,442,442,2024-09-02,1441,03:37:40,21:05:16
942,443,443,2025-06-04,1442,22:27:43,11:52:24
943,444,444,2025-02-27,1443,16:00:03,14:45:03
944,445,445,2025-02-26,1444,09:35:55,07:54:27
945,446,446,2024-10-18,1445,18:17:02,23:44:35
946,447,447,2024-11-04,1446,21:36:56,13:34:08
947,448,448,2024-08-11,1447,17:31:22,01:59:18
948,449,449,2024-11-16,1448,21:04:37,06:46:33
949,450,450,2025-01-28,1449,23:11:49,17:00:51
950,451,451,2025-02-05,1450,08:20:15,02:06:14
951,452,452,2025-05-24,1451,02:42:13,03:18:33
952,453,453,2025-05-25,1452,05:45:31,16:27:37
953,454,454,2024-08-02,1453,00:52:49,17:50:08
954,455,455,2025-05-25,1454,11:44:44,18:27:26
955,456,456,2025-02-07,1455,12:36:03,09:19:38
956,457,457,2025-03-19,1456,10:34:17,00:43:32
957,458,458,2025-05-14,1457,13:20:28,08:57:26
958,459,459,2025-03-08,1458,22:23:33,06:10:04
959,460,460,2024-12-09,1459,11:08:44,18:44:31
960,461,461,2024-10-21,1460,04:56:49,08:04:41
961,462,462,2025-03-30,1461,10:36:40,05:49:13
962,463,463,2024-09-05,1462,04:58:18,12:04:37
963,464,464,2024-11-01,1463,00:28:23,14:18:53
964,465,465,2024-10-05,1464,10:16:32,09:19:57
965,466,466,2025-06-24,1465,12:58:46,18:08:24
966,467,467,2024-12-14,1466,15:03:34,21:16:07
967,468,468,2025-02-27,1467,09:27:59,21:33:57
968,469,469,2025-05-07,1468,02:53:55,04:15:02
969,470,470,2025-02-17,1469,02:18:32,03:53:26
970,471,471,2024-09-04,1470,19:43:15,06:48:06
971,472,472,2025-04-15,1471,07:33:36,10:24:02
972,473,473,2025-04-05,1472,22:11:52,09:36:02
973,474,474,2024-08-01,1473,01:11:28,06:01:59
974,475,475,2024-12-08,1474,08:51:14,12:44:40
975,476,476,2025-01-13,1475,08:13:44,13:53:30
976,477,477,2024-10-24,1476,22:58:51,22:02:25
977,478,478,2024-12-05,1477,01:19:20,13:39:38
978,479,479,2024-07-25,1478,17:42:37,10:44:24
979,480,480,2025-04-02,1479,23:14:09,04:58:48
980,481,481,2024-10-13,1480,16:44:25,22:53:51
981,482,482,2025-02-18,1481,11:11:51,22:16:54
982,483,483,2024-12-29,1482,02:59:28,00:36:44
983,484,484,2024-12-01,1483,13:52:41,22:11:30
984,485,485,2025-03-09,1484,17:01:00,22:22:37
985,486,486,2025-04-28,1485,21:39:25,00:05:05
986,487,487,2025-06-09,1486,04:57:23,15:33:56
987,488,488,2024-10-04,1487,03:18:10,02:57:57
988,489,489,2025-04-06,1488,06:24:34,10:06:11
989,490,490,2025-01-24,1489,00:02:29,20:19:00
990,491,491,2024-12-20,1490,11:48:37,23:08:32
991,492,492,2025-06-07,1491,07:52:41,22:17:46
992,493,493,2024-12-20,1492,11:17:31,08:46:32
993,494,494,2024-09-16,1493,08:35:59,11:35:24
994,495,495,2024-12-02,1494,09:36:33,02:56:38
995,496,496,2025-03-29,1495,12:47:21,17:44:26
996,497,497,2024-10-13,1496,03:48:14,22:55:48
997,498,498,2025-02-24,1497,23:35:25,19:32:45
998,499,499,2025-01-02,1498,13:45:19,19:35:56
999,500,500,2024-10-20,1499,12:14:01,23:39:46
1000,501,501,2025-05-05,1500,14:07:18,04:48:12
1001,502,502,2025-06-15,1501,06:03:22,02:41:48
1002,503,503,2024-12-26,1502,13:20:28,19:02:55
1003,504,504,2025-06-12,1503,13:35:56,03:43:22
1004,505,505,2024-10-04,1504,23:31:22,23:02:00
1005,506,506,2024-06-29,1505,01:45:07,18:56:17
1006,507,507,2025-03-22,1506,09:13:56,17:17:14
1007,508,508,2024-10-22,1507,15:41:17,17:24:54
1008,509,509,2024-09-01,1508,12:52:12,13:15:32
1009,510,510,2024-07-21,1509,15:40:42,10:10:56
1010,511,511,2024-10-11,1510,17:50:04,18:41:38
1011,512,512,2024-12-11,1511,05:54:35,04:26:39
1012,513,513,2025-04-21,1512,05:48:33,10:02:30
1013,514,514,2024-12-18,1513,11:23:48,14:45:38
1014,515,515,2024-09-27,1514,15:16:28,12:05:10
1015,516,516,2025-03-09,1515,04:32:37,16:12:04
1016,517,517,2024-11-06,1516,04:33:05,11:19:47
1017,518,518,2024-07-21,1517,15:40:25,01:41:52
1018,519,519,2024-07-24,1518,21:49:44,05:03:22
1019,520,520,2024-07-10,1519,23:16:15,17:13:35
1020,521,521,2024-08-15,1520,08:33:35,02:08:55
1021,522,522,2025-06-12,1521,19:11:09,17:10:15
1022,523,523,2025-04-27,1522,22:29:25,14:19:31
1023,524,524,2025-02-26,1523,16:28:32,13:39:50
1024,525,525,2024-11-08,1524,13:02:41,13:40:33
1025,526,526,2024-08-10,1525,10:47:21,03:32:38
1026,527,527,2024-08-04,1526,05:51:38,08:04:37
1027,528,528,2024-09-03,1527,03:03:49,07:05:02
1028,529,529,2025-02-22,1528,11:11:20,16:07:26
1029,530,530,2025-04-10,1529,09:10:22,09:41:44
1030,531,531,2024-11-23,1530,17:34:01,15:00:51
1031,532,532,2025-03-30,1531,14:07:44,13:39:24
1032,533,533,2024-10-12,1532,19:00:56,18:33:30
1033,534,534,2024-10-18,1533,17:56:30,00:44:36
1034,535,535,2024-10-12,1534,05:42:47,04:13:02
1035,536,536,2025-01-25,1535,11:59:18,06:00:18
1036,537,537,2024-12-13,1536,00:09:50,18:56:27
1037,538,538,2024-09-21,1537,16:45:35,20:01:20
1038,539,539,2025-01-25,1538,06:09:38,16:14:28
1039,540,540,2024-10-09,1539,03:51:24,20:17:41
1040,541,541,2024-11-23,1540,16:14:49,10:07:56
1041,542,542,2025-06-14,1541,11:12:10,04:51:21
1042,543,543,2024-12-23,1542,20:04:18,14:40:13
1043,544,544,2024-06-25,1543,19:57:44,09:56:31
1044,545,545,2025-06-23,1544,15:14:22,16:42:33
1045,546,546,2024-12-22,1545,22:32:07,06:34:08
1046,547,547,2025-01-22,1546,14:02:50,12:43:41
1047,548,548,2025-01-18,1547,19:25:47,09:43:07
1048,549,549,2024-06-25,1548,13:22:26,22:08:31
1049,550,550,2025-04-16,1549,06:12:57,18:58:12
1050,551,551,2024-12-06,1550,21:40:28,04:10:29
1051,552,552,2024-09-16,1551,02:48:51,06:26:16
1052,553,553,2024-12-18,1552,10:18:25,03:58:02
1053,554,554,2025-05-18,1553,14:45:32,03:03:12
1054,555,555,2024-11-03,1554,06:27:24,01:17:45
1055,556,556,2024-11-22,1555,15:18:47,08:33:09
1056,557,557,2024-07-22,1556,02:14:37,13:47:10
1057,558,558,2025-05-04,1557,21:41:50,05:37:07
1058,559,559,2024-12-18,1558,16:14:06,15:44:33
1059,560,560,2024-10-08,1559,07:24:33,12:53:54
1060,561,561,2024-07-09,1560,02:48:34,08:49:09
1061,562,562,2024-12-03,1561,06:41:50,23:45:27
1062,563,563,2025-06-13,1562,20:11:54,19:21:53
1063,564,564,2024-09-30,1563,08:21:43,17:06:55
1064,565,565,2024-09-08,1564,23:51:58,04:12:05
1065,566,566,2024-11-17,1565,03:43:08,03:37:13
1066,567,567,2025-02-03,1566,22:02:10,10:00:14
1067,568,568,2025-05-12,1567,20:22:39,07:37:39
1068,569,569,2024-08-09,1568,17:53:20,14:21:21
1069,570,570,2025-01-13,1569,11:05:43,10:26:53
1070,571,571,2025-02-02,1570,12:56:45,13:19:18
1071,572,572,2024-11-07,1571,12:48:05,03:37:09
1072,573,573,2025-01-27,1572,09:29:16,21:58:50
1073,574,574,2024-08-19,1573,13:19:45,01:00:31
1074,575,575,2024-07-31,1574,06:45:27,00:47:18
1075,576,576,2024-12-13,1575,16:24:16,16:10:36
1076,577,577,2024-12-05,1576,13:59:25,16:18:47
1077,578,578,2025-01-20,1577,17:55:02,15:30:54
1078,579,579,2024-08-16,1578,08:02:27,23:32:37
1079,580,580,2025-03-10,1579,03:02:14,00:43:31
1080,581,581,2024-12-18,1580,04:26:27,09:24:00
1081,582,582,2024-10-11,1581,11:51:37,12:12:25
1082,583,583,2024-12-07,1582,09:21:05,13:59:16
1083,584,584,2025-05-29,1583,04:29:31,13:56:41
1084,585,585,2025-05-25,1584,06:13:52,04:16:02
1085,586,586,2025-02-18,1585,20:56:53,06:16:30
1086,587,587,2025-06-12,1586,00:36:31,21:26:24
1087,588,588,2024-11-12,1587,20:27:23,15:45:27
1088,589,589,2025-04-24,1588,15:29:30,22:40:31
1089,590,590,2024-10-26,1589,00:05:11,06:20:41
1090,591,591,2025-04-06,1590,16:05:16,17:40:02
1091,592,592,2024-09-07,1591,19:39:53,10:16:16
1092,593,593,2025-05-05,1592,12:47:40,00:08:48
1093,594,594,2024-08-10,1593,09:51:04,17:49:07
1094,595,595,2024-07-10,1594,23:37:10,05:48:04
1095,596,596,2025-04-26,1595,03:26:32,05:34:03
1096,597,597,2025-03-05,1596,12:06:53,15:24:18
1097,598,598,2024-12-02,1597,04:14:03,08:07:34
1098,599,599,2024-09-03,1598,12:30:52,12:36:19
1099,600,600,2025-03-26,1599,10:59:59,12:04:37
1100,601,601,2024-09-25,1600,14:01:32,23:32:32
1101,602,602,2025-02-25,1601,03:37:28,23:32:55
1102,603,603,2025-01-03,1602,02:38:26,18:22:39
1103,604,604,2024-07-27,1603,04:08:05,23:01:29
1104,605,605,2024-09-11,1604,19:47:06,00:09:11
1105,606,606,2025-02-13,1605,21:22:12,23:29:24
1106,607,607,2024-12-23,1606,13:42:25,10:43:47
1107,608,608,2025-02-27,1607,07:42:34,14:21:58
1108,609,609,2024-08-18,1608,01:03:49,09:29:54
1109,610,610,2025-01-23,1609,09:23:30,03:58:10
1110,611,611,2025-02-14,1610,01:46:28,12:28:29
1111,612,612,2024-11-14,1611,23:00:52,21:09:38
1112,613,613,2025-02-22,1612,09:19:15,05:37:22
1113,614,614,2024-10-03,1613,03:52:27,16:11:45
1114,615,615,2025-02-18,1614,22:36:29,09:38:45
1115,616,616,2024-11-29,1615,10:58:30,21:08:05
1116,617,617,2025-06-18,1616,23:37:34,23:08:48
1117,618,618,2024-07-08,1617,08:46:35,21:31:16
1118,619,619,2025-03-29,1618,23:46:53,11:26:56
1119,620,620,2025-01-06,1619,13:43:56,22:21:28
1120,621,621,2024-11-13,1620,21:59:36,09:47:53
1121,622,622,2024-08-23,1621,12:38:46,12:56:22
1122,623,623,2024-08-12,1622,06:42:22,18:21:43
1123,624,624,2024-11-24,1623,05:39:25,04:34:01
1124,625,625,2024-09-29,1624,05:18:13,18:32:00
1125,626,626,2024-06-29,1625,04:08:56,13:08:06
1126,627,627,2025-05-14,1626,04:51:26,14:35:06
1127,628,628,2025-01-29,1627,09:52:59,00:27:37
1128,629,629,2024-08-27,1628,06:35:10,06:42:14
1129,630,630,2025-06-08,1629,02:30:16,00:57:38
1130,631,631,2024-10-09,1630,13:21:05,18:19:58
1131,632,632,2025-01-07,1631,20:58:08,23:55:16
1132,633,633,2024-11-06,1632,12:20:43,17:26:02
1133,634,634,2025-05-01,1633,19:43:00,00:21:59
1134,635,635,2025-03-19,1634,01:26:30,19:59:52
1135,636,636,2025-06-20,1635,22:04:01,20:29:06
1136,637,637,2025-06-02,1636,05:49:10,03:52:59
1137,638,638,2024-11-17,1637,09:53:24,02:04:33
1138,639,639,2024-07-01,1638,13:16:56,22:24:29
1139,640,640,2025-05-20,1639,11:21:43,21:26:33
1140,641,641,2024-08-04,1640,20:09:26,00:59:19
1141,642,642,2024-12-12,1641,09:40:57,02:37:35
1142,643,643,2024-09-24,1642,07:44:41,01:55:16
1143,644,644,2024-08-25,1643,05:51:46,07:43:59
1144,645,645,2025-05-20,1644,23:18:39,02:00:23
1145,646,646,2025-03-01,1645,03:39:01,19:57:35
1146,647,647,2024-07-14,1646,01:55:21,20:36:56
1147,648,648,2025-01-17,1647,08:32:10,18:51:04
1148,649,649,2025-06-11,1648,15:22:58,15:56:17
1149,650,650,2024-06-30,1649,22:46:25,12:44:51
1150,651,651,2025-02-17,1650,06:57:45,02:52:53
1151,652,652,2024-09-24,1651,08:25:22,09:04:08
1152,653,653,2024-11-21,1652,20:13:06,14:50:37
1153,654,654,2024-12-11,1653,15:35:07,00:30:31
1154,655,655,2025-04-15,1654,01:48:39,07:27:34
1155,656,656,2024-12-25,1655,17:05:51,21:47:10
1156,657,657,2024-09-06,1656,07:58:56,07:45:11
1157,658,658,2025-03-06,1657,17:35:11,10:02:17
1158,659,659,2024-11-20,1658,00:28:41,18:37:20
1159,660,660,2025-04-03,1659,02:19:56,02:29:12
1160,661,661,2024-07-02,1660,13:38:26,06:38:14
1161,662,662,2024-09-01,1661,06:17:45,20:12:21
1162,663,663,2025-05-03,1662,11:33:47,15:12:40
1163,664,664,2024-07-14,1663,06:52:09,02:18:41
1164,665,665,2025-05-11,1664,05:09:14,09:13:48
1165,666,666,2025-02-05,1665,01:53:41,23:35:46
1166,667,667,2025-03-17,1666,04:03:16,17:12:05
1167,668,668,2024-09-18,1667,15:07:00,16:40:05
1168,669,669,2024-09-24,1668,19:22:27,02:23:17
1169,670,670,2025-04-07,1669,09:04:37,07:06:14
1170,671,671,2025-06-07,1670,20:16:31,08:54:30
1171,672,672,2025-02-26,1671,02:31:11,01:56:07
1172,673,673,2024-08-22,1672,18:16:01,19:41:17
1173,674,674,2025-03-10,1673,13:06:18,13:37:11
1174,675,675,2025-06-19,1674,23:51:55,09:20:16
1175,676,676,2025-05-19,1675,20:45:38,09:13:47
1176,677,677,2024-12-24,1676,09:56:10,14:48:06
1177,678,678,2024-07-17,1677,23:47:09,20:46:21
1178,679,679,2025-01-19,1678,06:32:45,14:26:54
1179,680,680,2024-09-07,1679,13:35:55,19:35:16
1180,681,681,2025-04-13,1680,03:02:05,12:02:18
1181,682,682,2025-04-11,1681,02:07:20,15:59:15
1182,683,683,2025-03-22,1682,23:12:21,04:51:43
1183,684,684,2025-06-16,1683,06:24:14,12:45:47
1184,685,685,2025-01-17,1684,18:34:34,06:36:03
1185,686,686,2024-10-10,1685,20:56:11,14:07:07
1186,687,687,2025-04-29,1686,16:09:52,11:48:00
1187,688,688,2024-09-29,1687,22:34:35,19:26:20
1188,689,689,2024-10-09,1688,08:18:36,18:18:46
1189,690,690,2024-09-01,1689,03:06:31,10:09:14
1190,691,691,2024-09-27,1690,08:27:06,12:40:27
1191,692,692,2024-09-29,1691,21:00:47,22:30:57
1192,693,693,2024-07-31,1692,21:41:51,10:25:44
1193,694,694,2025-04-16,1693,09:18:08,03:49:08
1194,695,695,2024-08-29,1694,10:47:38,15:12:46
1195,696,696,2024-11-13,1695,20:33:41,23:45:06
1196,697,697,2024-12-21,1696,19:37:27,07:13:51
1197,698,698,2025-04-30,1697,15:54:03,10:30:31
1198,699,699,2025-03-19,1698,15:08:10,11:42:34
1199,700,700,2024-12-17,1699,11:32:35,17:15:03
1200,701,701,2024-11-07,1700,20:02:41,11:04:33
1201,702,702,2025-06-01,1701,05:55:29,02:44:55
1202,703,703,2024-09-17,1702,01:49:55,19:12:12
1203,704,704,2024-09-18,1703,14:18:54,04:13:44
1204,705,705,2024-12-25,1704,22:53:18,02:52:32
1205,706,706,2024-11-20,1705,19:22:03,03:13:06
1206,707,707,2025-05-29,1706,22:19:34,02:22:04
1207,708,708,2024-11-12,1707,02:14:51,09:57:41
1208,709,709,2025-02-04,1708,01:09:06,09:58:18
1209,710,710,2025-01-14,1709,12:40:03,02:56:11
1210,711,711,2025-04-07,1710,21:29:55,21:29:32
1211,712,712,2024-08-23,1711,08:52:25,19:26:30
1212,713,713,2025-02-22,1712,02:46:03,21:33:03
1213,714,714,2025-01-26,1713,04:04:01,03:45:12
1214,715,715,2024-12-13,1714,02:51:09,05:06:38
1215,716,716,2024-09-29,1715,17:44:41,10:17:39
1216,717,717,2024-11-28,1716,11:16:34,17:23:45
1217,718,718,2025-04-20,1717,04:57:48,22:18:26
1218,719,719,2025-05-08,1718,09:45:17,05:56:37
1219,720,720,2024-08-15,1719,18:45:58,09:43:02
1220,721,721,2025-04-27,1720,05:47:11,20:36:22
1221,722,722,2024-11-17,1721,15:27:19,10:54:42
1222,723,723,2025-02-01,1722,10:49:39,16:04:53
1223,724,724,2025-02-14,1723,06:47:59,23:05:54
1224,725,725,2025-05-05,1724,08:59:37,05:29:42
1225,726,726,2025-05-08,1725,09:54:08,18:19:54
1226,727,727,2025-04-18,1726,06:11:27,00:51:33
1227,728,728,2025-01-03,1727,00:42:21,20:26:54
1228,729,729,2024-11-08,1728,16:29:51,04:39:32
1229,730,730,2025-02-08,1729,03:28:24,20:50:25
1230,731,731,2025-04-29,1730,17:22:29,03:11:33
1231,732,732,2025-02-23,1731,06:15:10,11:46:34
1232,733,733,2024-08-04,1732,10:04:30,15:08:32
1233,734,734,2025-01-08,1733,23:12:15,12:00:06
1234,735,735,2024-09-20,1734,10:35:17,22:21:05
1235,736,736,2024-09-21,1735,10:41:17,04:46:57
1236,737,737,2025-01-13,1736,10:58:17,13:39:15
1237,738,738,2025-04-05,1737,13:38:13,01:39:08
1238,739,739,2025-06-20,1738,11:06:59,01:11:45
1239,740,740,2025-05-05,1739,02:00:13,13:23:48
1240,741,741,2025-03-05,1740,10:20:49,03:31:42
1241,742,742,2024-12-22,1741,02:47:52,15:27:49
1242,743,743,2025-04-30,1742,20:35:42,07:55:16
1243,744,744,2024-11-26,1743,15:01:27,11:08:13
1244,745,745,2024-07-06,1744,11:02:37,10:38:53
1245,746,746,2024-07-22,1745,16:11:50,12:43:31
1246,747,747,2025-02-06,1746,03:49:16,00:34:23
1247,748,748,2024-07-21,1747,04:16:43,04:19:57
1248,749,749,2024-10-15,1748,20:40:58,04:35:18
1249,750,750,2024-06-29,1749,09:39:02,14:39:49
1250,751,751,2025-05-24,1750,18:24:52,14:04:19
1251,752,752,2024-12-03,1751,21:58:04,11:29:29
1252,753,753,2024-07-29,1752,04:56:25,21:35:04
1253,754,754,2025-05-03,1753,12:53:25,19:21:11
1254,755,755,2025-03-12,1754,07:15:12,03:39:51
1255,756,756,2025-05-22,1755,04:01:38,20:42:11
1256,757,757,2024-10-20,1756,09:21:21,11:43:21
1257,758,758,2025-06-02,1757,16:43:53,12:56:12
1258,759,759,2024-08-06,1758,11:19:02,08:34:00
1259,760,760,2024-07-21,1759,16:51:15,15:28:35
1260,761,761,2025-01-25,1760,19:32:29,11:40:11
1261,762,762,2025-01-09,1761,22:29:30,08:50:58
1262,763,763,2025-03-15,1762,08:31:05,15:25:35
1263,764,764,2025-03-08,1763,22:18:20,13:32:06
1264,765,765,2024-12-19,1764,22:09:08,02:23:10
1265,766,766,2025-05-24,1765,00:07:11,13:18:10
1266,767,767,2024-11-02,1766,14:19:08,22:09:15
1267,768,768,2025-03-08,1767,03:57:07,23:29:05
1268,769,769,2024-07-31,1768,11:14:10,15:23:15
1269,770,770,2025-02-02,1769,03:36:45,16:38:04
1270,771,771,2024-08-25,1770,13:41:54,02:19:26
1271,772,772,2024-11-20,1771,08:55:56,17:00:35
1272,773,773,2024-12-01,1772,08:44:16,21:53:39
1273,774,774,2025-06-19,1773,10:15:32,01:27:00
1274,775,775,2024-10-12,1774,17:23:13,21:03:48
1275,776,776,2025-05-31,1775,17:25:48,11:04:01
1276,777,777,2024-06-25,1776,02:32:13,02:10:39
1277,778,778,2025-04-27,1777,16:05:42,04:20:48
1278,779,779,2024-09-11,1778,11:33:12,17:03:41
1279,780,780,2025-06-04,1779,23:06:11,05:39:22
1280,781,781,2024-12-04,1780,16:12:42,16:49:15
1281,782,782,2025-01-22,1781,22:00:27,08:48:08
1282,783,783,2025-05-31,1782,01:00:32,04:09:36
1283,784,784,2025-01-08,1783,10:15:59,00:22:08
1284,785,785,2025-03-09,1784,10:04:03,21:39:07
1285,786,786,2024-09-05,1785,02:24:57,11:41:57
1286,787,787,2025-03-18,1786,10:44:41,04:22:50
1287,788,788,2024-08-16,1787,00:51:32,04:19:13
1288,789,789,2024-10-29,1788,00:47:07,11:29:39
1289,790,790,2024-08-14,1789,22:22:54,22:15:08
1290,791,791,2024-11-28,1790,22:33:40,04:22:21
1291,792,792,2024-11-20,1791,12:45:57,23:53:00
1292,793,793,2024-06-24,1792,12:40:40,20:38:29
1293,794,794,2024-11-12,1793,10:04:36,12:18:33
1294,795,795,2025-06-10,1794,22:56:15,13:18:25
1295,796,796,2025-06-11,1795,12:03:38,20:42:33
1296,797,797,2024-11-11,1796,14:54:19,03:17:00
1297,798,798,2025-01-23,1797,16:31:04,02:47:30
1298,799,799,2025-02-10,1798,23:20:44,21:53:03
1299,800,800,2024-11-17,1799,12:08:20,16:49:52
1300,801,801,2024-11-24,1800,15:58:34,09:04:15
1301,802,802,2024-08-15,1801,04:54:48,23:29:49
1302,803,803,2025-04-13,1802,11:43:12,11:58:42
1303,804,804,2024-09-02,1803,15:15:08,00:36:19
1304,805,805,2025-01-17,1804,10:42:58,13:28:17
1305,806,806,2024-09-23,1805,09:30:47,11:25:23
1306,807,807,2025-03-10,1806,11:12:43,12:39:15
1307,808,808,2025-04-23,1807,18:35:45,23:07:39
1308,809,809,2025-06-15,1808,14:10:11,03:13:04
1309,810,810,2024-10-22,1809,10:25:20,00:09:49
1310,811,811,2024-11-18,1810,19:30:53,16:51:23
1311,812,812,2025-06-17,1811,14:58:39,10:36:07
1312,813,813,2024-12-10,1812,11:32:21,09:12:19
1313,814,814,2025-06-02,1813,21:53:17,20:25:26
1314,815,815,2025-06-14,1814,12:10:13,23:04:52
1315,816,816,2024-10-17,1815,17:01:03,15:00:57
1316,817,817,2025-05-06,1816,20:09:36,07:07:32
1317,818,818,2024-09-18,1817,00:42:12,06:09:32
1318,819,819,2024-10-15,1818,00:32:55,12:43:05
1319,820,820,2024-11-04,1819,14:41:59,08:45:14
1320,821,821,2024-11-17,1820,23:10:18,02:05:42
1321,822,822,2025-04-24,1821,02:32:20,18:33:23
1322,823,823,2025-01-04,1822,11:03:44,01:53:01
1323,824,824,2025-01-11,1823,10:40:58,08:04:10
1324,825,825,2024-10-31,1824,00:31:35,21:12:24
1325,826,826,2024-08-18,1825,18:20:14,00:24:03
1326,827,827,2024-11-20,1826,00:48:28,12:52:50
1327,828,828,2025-04-01,1827,11:25:22,02:23:44
1328,829,829,2025-03-28,1828,01:14:36,04:59:01
1329,830,830,2024-10-14,1829,11:08:13,22:58:42
1330,831,831,2024-10-14,1830,08:23:53,18:28:59
1331,832,832,2024-09-26,1831,18:52:08,07:27:19
1332,833,833,2025-02-08,1832,05:27:28,00:08:13
1333,834,834,2025-05-31,1833,00:02:23,06:29:11
1334,835,835,2024-08-25,1834,02:05:27,11:35:07
1335,836,836,2025-02-28,1835,20:19:05,07:07:34
1336,837,837,2024-09-18,1836,14:31:06,23:04:45
1337,838,838,2024-08-14,1837,02:09:08,16:58:11
1338,839,839,2025-05-10,1838,22:08:33,15:08:28
1339,840,840,2024-12-22,1839,21:19:45,12:43:51
1340,841,841,2025-02-23,1840,19:12:33,13:42:25
1341,842,842,2025-04-07,1841,03:40:22,22:37:15
1342,843,843,2024-08-28,1842,01:33:13,21:52:56
1343,844,844,2024-11-10,1843,03:27:03,12:23:12
1344,845,845,2025-04-08,1844,02:59:15,06:07:01
1345,846,846,2025-02-11,1845,11:59:06,03:54:30
1346,847,847,2024-11-07,1846,19:05:48,02:41:51
1347,848,848,2024-12-19,1847,13:16:30,19:02:56
1348,849,849,2025-03-31,1848,08:40:10,03:31:43
1349,850,850,2025-04-06,1849,16:58:39,00:11:20
1350,851,851,2025-05-01,1850,16:27:31,03:49:18
1351,852,852,2024-07-04,1851,16:27:05,10:11:51
1352,853,853,2024-07-22,1852,11:15:00,20:17:02
1353,854,854,2024-12-08,1853,06:05:12,00:52:23
1354,855,855,2025-01-11,1854,17:38:42,10:35:52
1355,856,856,2024-11-15,1855,03:30:39,01:49:22
1356,857,857,2025-01-17,1856,16:02:38,01:23:56
1357,858,858,2024-07-11,1857,14:40:12,07:57:14
1358,859,859,2025-01-28,1858,13:45:09,17:27:23
1359,860,860,2024-09-11,1859,19:13:06,16:21:38
1360,861,861,2025-04-06,1860,01:45:45,01:56:41
1361,862,862,2025-04-04,1861,11:18:47,07:11:49
1362,863,863,2025-05-31,1862,10:17:15,04:42:45
1363,864,864,2024-10-21,1863,02:34:55,01:08:00
1364,865,865,2025-01-18,1864,16:01:10,00:22:20
1365,866,866,2025-03-15,1865,07:12:00,06:43:18
1366,867,867,2024-06-28,1866,13:00:09,23:53:21
1367,868,868,2025-03-06,1867,12:42:26,00:29:20
1368,869,869,2025-06-14,1868,23:56:14,23:52:18
1369,870,870,2024-11-22,1869,09:09:30,04:17:39
1370,871,871,2024-08-01,1870,16:09:17,03:29:38
1371,872,872,2024-08-06,1871,06:51:06,18:38:35
1372,873,873,2024-11-09,1872,22:43:04,08:34:44
1373,874,874,2024-09-03,1873,09:28:16,06:41:30
1374,875,875,2024-12-15,1874,19:50:40,11:06:34
1375,876,876,2024-12-06,1875,10:56:25,00:49:17
1376,877,877,2025-01-18,1876,02:16:42,04:32:43
1377,878,878,2024-06-27,1877,09:48:56,06:03:22
1378,879,879,2024-11-18,1878,18:23:47,08:41:23
1379,880,880,2025-01-02,1879,16:28:48,15:51:43
1380,881,881,2024-07-24,1880,19:22:53,13:19:40
1381,882,882,2025-01-09,1881,22:21:52,08:47:38
1382,883,883,2025-02-28,1882,14:32:09,12:28:26
1383,884,884,2025-02-27,1883,04:57:35,16:27:46
1384,885,885,2024-11-15,1884,10:59:17,09:51:22
1385,886,886,2025-05-07,1885,08:00:32,06:17:52
1386,887,887,2025-03-05,1886,20:32:16,03:36:30
1387,888,888,2025-05-23,1887,14:47:31,03:23:21
1388,889,889,2024-10-29,1888,13:43:58,09:15:03
1389,890,890,2025-03-04,1889,23:54:53,04:12:21
1390,891,891,2024-07-07,1890,02:55:35,21:50:22
1391,892,892,2024-10-04,1891,06:57:25,18:49:55
1392,893,893,2025-02-05,1892,06:10:29,14:46:03
1393,894,894,2024-09-23,1893,10:15:57,07:08:41
1394,895,895,2024-06-25,1894,10:27:07,18:23:16
1395,896,896,2025-06-21,1895,19:44:30,10:40:50
1396,897,897,2024-08-28,1896,03:10:54,12:53:38
1397,898,898,2025-03-08,1897,13:05:51,19:37:31
1398,899,899,2025-04-09,1898,20:00:01,18:11:37
1399,900,900,2024-09-22,1899,01:07:08,16:35:17
1400,901,901,2024-08-17,1900,02:21:58,20:10:17
1401,902,902,2025-03-11,1901,07:11:22,14:57:48
1402,903,903,2024-11-28,1902,13:03:00,23:29:25
1403,904,904,2024-10-04,1903,12:53:22,06:30:31
1404,905,905,2025-02-28,1904,02:13:21,01:22:16
1405,906,906,2025-02-08,1905,23:45:15,16:24:30
1406,907,907,2024-12-14,1906,02:02:43,15:58:10
1407,908,908,2025-01-08,1907,00:23:17,20:57:21
1408,909,909,2025-03-28,1908,17:22:01,07:30:06
1409,910,910,2024-09-09,1909,20:09:35,20:53:51
1410,911,911,2024-11-24,1910,08:56:27,04:12:47
1411,912,912,2024-07-25,1911,11:15:05,05:49:28
1412,913,913,2025-06-14,1912,19:43:44,19:39:30
1413,914,914,2025-06-12,1913,23:46:36,10:08:50
1414,915,915,2024-07-30,1914,22:32:20,04:22:01
1415,916,916,2024-08-26,1915,00:44:35,09:13:09
1416,917,917,2025-03-08,1916,19:02:05,08:29:56
1417,918,918,2025-06-03,1917,13:48:05,08:05:44
1418,919,919,2024-08-11,1918,06:02:13,06:48:46
1419,920,920,2025-05-08,1919,19:32:53,20:37:16
1420,921,921,2024-10-26,1920,08:55:12,22:49:50
1421,922,922,2024-07-21,1921,15:54:27,01:46:56
1422,923,923,2025-01-12,1922,12:49:46,01:50:49
1423,924,924,2025-03-30,1923,06:36:48,14:56:22
1424,925,925,2024-07-24,1924,15:25:37,16:39:46
1425,926,926,2024-12-12,1925,17:42:23,06:20:21
1426,927,927,2024-07-24,1926,14:14:24,10:47:09
1427,928,928,2025-02-08,1927,04:43:57,01:07:32
1428,929,929,2024-08-12,1928,02:11:39,13:13:42
1429,930,930,2024-11-08,1929,06:44:39,18:34:13
1430,931,931,2025-04-18,1930,14:11:51,22:58:36
1431,932,932,2024-08-29,1931,03:19:10,01:45:23
1432,933,933,2024-07-14,1932,20:04:47,09:29:05
1433,934,934,2024-10-24,1933,05:44:07,10:00:57
1434,935,935,2024-08-18,1934,18:25:33,16:38:33
1435,936,936,2025-05-31,1935,22:34:50,09:47:53
1436,937,937,2024-08-27,1936,10:05:36,17:51:48
1437,938,938,2024-10-23,1937,01:47:41,14:14:32
1438,939,939,2024-07-11,1938,18:59:55,00:55:14
1439,940,940,2025-04-27,1939,15:53:15,12:13:34
1440,941,941,2025-06-12,1940,17:11:53,18:24:56
1441,942,942,2024-11-04,1941,08:03:42,22:41:36
1442,943,943,2024-09-01,1942,08:06:36,16:38:59
1443,944,944,2025-01-20,1943,11:54:22,10:21:59
1444,945,945,2024-08-19,1944,17:11:31,19:18:09
1445,946,946,2025-05-04,1945,23:26:39,04:44:33
1446,947,947,2024-08-01,1946,19:57:41,11:50:40
1447,948,948,2025-06-09,1947,12:14:59,04:02:36
1448,949,949,2025-04-06,1948,07:03:49,01:53:38
1449,950,950,2024-11-18,1949,09:59:40,08:13:11
1450,951,951,2024-07-05,1950,12:28:43,10:23:20
1451,952,952,2024-11-19,1951,21:16:52,14:59:01
1452,953,953,2025-01-23,1952,09:17:08,22:04:22
1453,954,954,2025-03-08,1953,22:46:58,19:30:14
1454,955,955,2025-05-01,1954,18:45:00,04:16:03
1455,956,956,2025-03-24,1955,04:39:36,13:42:29
1456,957,957,2025-03-18,1956,02:53:34,16:15:27
1457,958,958,2025-05-11,1957,02:19:49,15:14:30
1458,959,959,2025-05-23,1958,01:57:20,14:20:28
1459,960,960,2025-03-26,1959,06:17:29,22:08:42
1460,961,961,2024-07-06,1960,02:50:06,19:20:41
1461,962,962,2024-10-12,1961,08:33:43,14:51:11
1462,963,963,2025-01-07,1962,03:48:56,16:00:43
1463,964,964,2024-10-03,1963,11:06:19,07:32:34
1464,965,965,2024-12-20,1964,14:17:00,23:42:27
1465,966,966,2024-12-19,1965,08:51:33,21:49:57
1466,967,967,2025-03-15,1966,19:09:35,13:05:59
1467,968,968,2024-10-15,1967,20:06:33,03:23:29
1468,969,969,2025-01-06,1968,07:00:39,17:07:41
1469,970,970,2025-03-29,1969,14:16:25,04:28:40
1470,971,971,2025-02-24,1970,19:05:10,02:58:21
1471,972,972,2024-09-16,1971,15:29:46,20:10:49
1472,973,973,2024-12-06,1972,15:54:54,14:38:00
1473,974,974,2025-04-15,1973,12:12:18,08:01:14
1474,975,975,2024-09-09,1974,20:27:01,03:52:32
1475,976,976,2025-03-20,1975,07:10:06,07:02:07
1476,977,977,2025-06-06,1976,17:57:42,08:25:45
1477,978,978,2025-06-03,1977,11:15:51,03:23:07
1478,979,979,2024-08-24,1978,08:49:36,22:18:50
1479,980,980,2025-02-09,1979,16:55:27,09:55:44
1480,981,981,2025-04-21,1980,07:27:16,20:12:32
1481,982,982,2024-09-26,1981,04:15:50,14:12:44
1482,983,983,2025-06-16,1982,07:00:02,18:22:15
1483,984,984,2025-01-03,1983,15:52:21,18:28:36
1484,985,985,2024-10-26,1984,04:12:51,11:55:55
1485,986,986,2025-03-17,1985,22:05:10,10:34:57
1486,987,987,2025-03-06,1986,16:53:25,16:25:24
1487,988,988,2024-07-01,1987,20:43:13,06:27:12
1488,989,989,2024-06-30,1988,18:30:48,11:08:22
1489,990,990,2024-11-07,1989,20:09:05,23:47:58
1490,991,991,2024-12-03,1990,23:14:26,20:39:01
1491,992,992,2024-11-18,1991,11:27:52,14:36:11
1492,993,993,2024-08-21,1992,06:50:55,03:17:23
1493,994,994,2024-11-22,1993,08:44:56,23:43:01
1494,995,995,2025-03-18,1994,23:10:30,13:10:58
1495,996,996,2025-02-24,1995,21:10:17,12:46:04
1496,997,997,2024-09-16,1996,16:57:09,13:55:46
1497,998,998,2024-09-10,1997,04:29:48,15:07:24
1498,999,999,2024-10-02,1998,17:24:13,10:15:34
1499,1000,1000,2024-12-21,1999,23:51:51,19:30:21
1500,1001,1001,2024-08-10,2000,18:07:18,04:57:33
1501,1002,1002,2024-09-15,2001,02:42:40,17:40:25
1502,1003,1003,2024-12-10,2002,20:53:17,00:36:12
1503,1004,1004,2024-10-12,2003,10:10:45,15:32:41
1504,1005,1005,2025-03-29,2004,10:20:41,07:43:56
1505,1006,1006,2024-10-18,2005,05:08:07,12:26:59
1506,1007,1007,2025-04-26,2006,02:30:48,13:34:28
1507,1008,1008,2024-11-07,2007,00:35:53,06:24:35
1508,1009,1009,2025-04-28,2008,13:30:38,01:28:49
1509,1010,1010,2024-09-20,2009,07:20:02,10:51:12
1510,1011,1011,2025-03-30,2010,20:23:32,00:10:02
1511,1012,1012,2024-08-21,2011,16:07:27,23:51:00
1512,1013,1013,2025-03-27,2012,12:48:32,09:26:28
1513,1014,1014,2024-06-25,2013,16:57:40,06:34:33
1514,1015,1015,2025-01-03,2014,09:54:20,13:04:35
1515,1016,1016,2024-10-04,2015,09:42:13,01:00:48
1516,1017,1017,2025-05-04,2016,06:55:33,01:56:40
1517,1018,1018,2025-06-19,2017,18:30:36,11:10:40
1518,1019,1019,2024-07-28,2018,10:35:53,21:35:21
1519,1020,1020,2025-01-13,2019,19:32:17,19:11:25
1520,1021,1021,2025-04-27,2020,13:51:36,23:41:24
1521,1022,1022,2025-05-16,2021,17:14:17,10:55:15
1522,1023,1023,2025-01-25,2022,18:13:58,01:41:44
1523,1024,1024,2025-04-04,2023,15:19:18,01:41:34
1524,1025,1025,2025-01-19,2024,12:41:26,01:10:03
1525,1026,1026,2024-08-24,2025,09:13:54,11:34:23
1526,1027,1027,2025-06-08,2026,16:06:39,15:47:35
1527,1028,1028,2024-10-08,2027,19:34:07,23:45:25
1528,1029,1029,2025-02-15,2028,14:24:54,18:43:41
1529,1030,1030,2024-08-14,2029,20:46:43,19:12:59
1530,1031,1031,2025-05-08,2030,05:09:06,05:37:51
1531,1032,1032,2025-02-23,2031,06:32:41,21:05:44
1532,1033,1033,2024-12-07,2032,08:17:54,17:56:57
1533,1034,1034,2025-03-10,2033,22:02:19,13:09:21
1534,1035,1035,2024-08-28,2034,07:33:42,16:08:46
1535,1036,1036,2024-12-27,2035,21:29:01,11:11:36
1536,1037,1037,2025-06-04,2036,20:18:02,12:15:41
1537,1038,1038,2025-01-04,2037,17:57:25,13:37:17
1538,1039,1039,2025-04-29,2038,10:31:05,21:29:57
1539,1040,1040,2025-01-10,2039,22:34:14,13:45:07
1540,1041,1041,2025-04-02,2040,16:30:28,23:13:14
1541,1042,1042,2024-10-24,2041,14:02:58,16:33:33
1542,1043,1043,2024-07-07,2042,18:49:43,07:07:10
1543,1044,1044,2025-02-20,2043,12:40:43,21:49:46
1544,1045,1045,2025-02-01,2044,01:20:23,05:03:02
1545,1046,1046,2025-04-25,2045,17:57:44,08:42:04
1546,1047,1047,2024-08-24,2046,17:48:20,07:34:42
1547,1048,1048,2025-06-02,2047,11:18:46,19:57:41
1548,1049,1049,2025-01-30,2048,08:55:22,22:09:26
1549,1050,1050,2024-09-20,2049,11:15:54,04:16:42
1550,1051,1051,2025-04-17,2050,08:45:56,01:15:11
1551,1052,1052,2025-03-18,2051,04:42:09,15:08:06
1552,1053,1053,2024-08-11,2052,19:13:59,14:48:57
1553,1054,1054,2025-02-24,2053,14:34:37,17:42:07
1554,1055,1055,2024-10-26,2054,22:22:32,22:06:08
1555,1056,1056,2024-11-11,2055,18:11:29,00:10:52
1556,1057,1057,2025-04-23,2056,01:37:31,18:32:58
1557,1058,1058,2025-03-02,2057,23:22:27,14:03:29
1558,1059,1059,2025-06-23,2058,20:46:42,11:05:42
1559,1060,1060,2024-10-07,2059,18:52:05,02:11:01
1560,1061,1061,2025-05-20,2060,22:04:49,04:05:02
1561,1062,1062,2024-10-06,2061,14:50:03,01:37:56
1562,1063,1063,2024-06-30,2062,04:12:03,05:15:27
1563,1064,1064,2025-01-30,2063,21:17:55,12:08:06
1564,1065,1065,2024-11-27,2064,01:37:10,13:18:47
1565,1066,1066,2024-12-07,2065,18:55:21,00:11:01
1566,1067,1067,2025-04-29,2066,11:12:14,03:45:41
1567,1068,1068,2025-04-24,2067,00:48:13,07:53:50
1568,1069,1069,2024-11-10,2068,03:28:25,07:33:16
1569,1070,1070,2024-12-06,2069,15:18:56,01:41:47
1570,1071,1071,2024-07-17,2070,00:00:58,08:46:42
1571,1072,1072,2025-04-13,2071,21:13:32,02:35:51
1572,1073,1073,2024-08-26,2072,18:28:11,05:49:58
1573,1074,1074,2024-10-23,2073,18:33:43,03:09:50
1574,1075,1075,2024-10-22,2074,01:26:11,22:39:21
1575,1076,1076,2025-01-03,2075,07:26:26,15:28:49
1576,1077,1077,2025-02-18,2076,19:02:13,07:02:58
1577,1078,1078,2024-10-27,2077,09:04:44,10:18:55
1578,1079,1079,2025-02-06,2078,03:19:35,17:42:51
1579,1080,1080,2025-03-15,2079,23:31:44,15:10:58
1580,1081,1081,2025-01-07,2080,01:40:56,01:52:50
1581,1082,1082,2025-05-24,2081,18:26:17,05:40:59
1582,1083,1083,2024-07-25,2082,00:19:05,12:27:02
1583,1084,1084,2025-04-26,2083,05:02:07,20:22:21
1584,1085,1085,2025-05-10,2084,13:12:09,00:17:31
1585,1086,1086,2024-07-14,2085,01:20:39,06:41:38
1586,1087,1087,2024-10-19,2086,17:09:16,23:01:34
1587,1088,1088,2024-07-23,2087,17:13:42,01:07:58
1588,1089,1089,2025-02-03,2088,12:45:12,04:39:30
1589,1090,1090,2024-10-31,2089,20:43:24,08:29:27
1590,1091,1091,2024-09-16,2090,00:41:22,01:06:52
1591,1092,1092,2025-05-22,2091,01:38:58,03:48:04
1592,1093,1093,2024-09-12,2092,16:31:46,06:12:33
1593,1094,1094,2024-08-04,2093,10:35:51,08:59:35
1594,1095,1095,2025-04-29,2094,04:17:48,09:46:04
1595,1096,1096,2024-07-19,2095,17:21:54,15:09:53
1596,1097,1097,2024-09-14,2096,22:44:29,18:51:04
1597,1098,1098,2025-05-28,2097,12:09:25,21:13:19
1598,1099,1099,2024-07-25,2098,17:05:08,17:35:11
1599,1100,1100,2024-07-04,2099,17:26:58,05:55:28
1600,1101,1101,2024-07-19,2100,08:06:24,18:30:37
1601,1102,1102,2025-02-22,2101,10:31:24,11:16:19
1602,1103,1103,2024-09-10,2102,02:01:01,06:58:17
1603,1104,1104,2024-12-10,2103,03:54:23,11:24:31
1604,1105,1105,2025-01-24,2104,13:31:18,07:20:40
1605,1106,1106,2025-05-30,2105,17:29:53,09:24:05
1606,1107,1107,2025-05-25,2106,07:48:16,22:29:36
1607,1108,1108,2024-10-11,2107,12:29:19,07:22:41
1608,1109,1109,2025-05-08,2108,10:33:30,13:04:58
1609,1110,1110,2024-10-22,2109,08:19:58,05:46:31
1610,1111,1111,2024-07-25,2110,16:47:21,21:48:09
1611,1112,1112,2025-06-22,2111,19:16:28,15:29:53
1612,1113,1113,2024-11-01,2112,20:11:32,01:46:25
1613,1114,1114,2024-12-11,2113,17:06:12,06:50:02
1614,1115,1115,2024-12-03,2114,09:28:26,05:35:17
1615,1116,1116,2025-01-31,2115,17:28:47,21:08:52
1616,1117,1117,2024-11-14,2116,16:44:10,02:32:04
1617,1118,1118,2024-08-24,2117,23:37:20,14:05:04
1618,1119,1119,2025-02-25,2118,04:40:07,20:21:56
1619,1120,1120,2025-04-29,2119,14:13:59,18:02:29
1620,1121,1121,2024-12-29,2120,22:26:43,21:59:28
1621,1122,1122,2024-12-12,2121,13:33:21,01:30:36
1622,1123,1123,2025-02-23,2122,01:06:56,06:10:31
1623,1124,1124,2024-08-10,2123,17:17:30,05:08:25
1624,1125,1125,2025-04-12,2124,03:12:36,16:10:10
1625,1126,1126,2025-04-21,2125,03:55:00,13:51:11
1626,1127,1127,2024-11-12,2126,13:53:03,10:13:26
1627,1128,1128,2025-02-02,2127,08:21:48,01:32:01
1628,1129,1129,2025-03-22,2128,20:36:54,16:20:32
1629,1130,1130,2025-01-27,2129,11:09:23,21:28:55
1630,1131,1131,2024-11-19,2130,11:30:35,04:25:57
1631,1132,1132,2025-05-21,2131,13:58:30,01:24:38
1632,1133,1133,2025-03-05,2132,07:43:54,13:35:35
1633,1134,1134,2024-09-14,2133,08:40:55,16:51:27
1634,1135,1135,2025-05-01,2134,21:55:57,19:10:58
1635,1136,1136,2024-11-14,2135,23:22:11,06:17:02
1636,1137,1137,2024-08-16,2136,17:03:19,01:34:52
1637,1138,1138,2025-02-08,2137,06:34:44,18:40:39
1638,1139,1139,2025-03-01,2138,10:41:56,22:01:05
1639,1140,1140,2024-07-09,2139,21:39:48,22:57:09
1640,1141,1141,2024-07-27,2140,11:36:03,07:55:55
1641,1142,1142,2025-04-07,2141,06:13:11,19:14:31
1642,1143,1143,2025-05-31,2142,17:36:07,09:39:02
1643,1144,1144,2025-01-03,2143,21:44:37,09:15:41
1644,1145,1145,2024-09-22,2144,11:36:35,05:25:46
1645,1146,1146,2024-08-31,2145,23:54:22,16:18:37
1646,1147,1147,2025-01-17,2146,00:11:48,16:32:50
1647,1148,1148,2024-12-20,2147,14:15:02,10:49:11
1648,1149,1149,2025-04-20,2148,08:25:00,05:41:13
1649,1150,1150,2024-09-04,2149,00:23:13,16:48:14
1650,1151,1151,2024-09-26,2150,15:06:46,11:18:43
1651,1152,1152,2025-01-31,2151,08:19:16,23:15:32
1652,1153,1153,2025-06-05,2152,02:16:24,15:29:35
1653,1154,1154,2025-05-22,2153,06:12:13,16:39:21
1654,1155,1155,2025-04-16,2154,21:54:30,14:57:50
1655,1156,1156,2024-08-22,2155,10:23:17,09:25:34
1656,1157,1157,2024-09-25,2156,13:14:01,14:27:17
1657,1158,1158,2025-01-04,2157,02:53:23,19:59:49
1658,1159,1159,2025-05-19,2158,20:14:14,16:08:26
1659,1160,1160,2024-07-26,2159,09:20:41,09:04:32
1660,1161,1161,2025-01-06,2160,06:28:01,02:47:59
1661,1162,1162,2024-10-10,2161,23:24:19,11:56:23
1662,1163,1163,2024-11-10,2162,09:48:53,21:23:56
1663,1164,1164,2024-11-18,2163,10:40:03,19:18:46
1664,1165,1165,2024-07-29,2164,17:22:04,01:56:18
1665,1166,1166,2024-07-04,2165,23:04:20,02:01:55
1666,1167,1167,2024-08-20,2166,23:33:07,20:11:24
1667,1168,1168,2025-04-06,2167,18:12:22,10:42:32
1668,1169,1169,2025-01-30,2168,23:05:14,14:54:15
1669,1170,1170,2024-11-11,2169,08:18:26,07:20:29
1670,1171,1171,2025-06-19,2170,09:16:06,09:14:27
1671,1172,1172,2025-06-20,2171,21:21:21,20:58:33
1672,1173,1173,2025-05-20,2172,11:00:53,00:36:11
1673,1174,1174,2025-01-11,2173,23:37:42,11:19:01
1674,1175,1175,2024-07-17,2174,21:00:14,15:32:06
1675,1176,1176,2025-03-08,2175,17:44:18,17:49:37
1676,1177,1177,2025-06-03,2176,00:58:45,18:36:08
1677,1178,1178,2025-06-18,2177,20:03:43,20:18:17
1678,1179,1179,2024-10-26,2178,04:53:26,04:20:53
1679,1180,1180,2025-03-24,2179,05:11:40,20:10:37
1680,1181,1181,2024-07-28,2180,06:44:24,22:30:50
1681,1182,1182,2025-06-23,2181,16:08:30,08:56:56
1682,1183,1183,2025-06-13,2182,00:03:50,16:03:04
1683,1184,1184,2025-01-06,2183,05:47:26,18:42:08
1684,1185,1185,2025-05-09,2184,04:26:43,00:16:12
1685,1186,1186,2025-04-13,2185,09:24:59,13:36:49
1686,1187,1187,2025-03-20,2186,00:19:34,05:33:19
1687,1188,1188,2024-08-06,2187,07:57:29,19:10:51
1688,1189,1189,2025-02-21,2188,19:32:36,14:46:16
1689,1190,1190,2025-06-10,2189,20:57:24,15:41:48
1690,1191,1191,2024-08-30,2190,17:53:38,22:21:37
1691,1192,1192,2025-03-02,2191,08:38:44,03:52:16
1692,1193,1193,2025-06-09,2192,03:55:43,23:47:36
1693,1194,1194,2024-08-22,2193,13:45:03,19:32:41
1694,1195,1195,2025-06-17,2194,20:59:01,01:14:13
1695,1196,1196,2025-06-19,2195,14:45:31,23:44:57
1696,1197,1197,2025-06-15,2196,16:00:12,06:37:25
1697,1198,1198,2024-10-01,2197,00:27:05,15:57:03
1698,1199,1199,2025-05-09,2198,10:16:36,10:33:53
1699,1200,1200,2025-01-20,2199,03:00:57,05:44:26
1700,1201,1201,2024-11-23,2200,11:44:39,19:21:39
1701,1202,1202,2024-10-27,2201,00:07:41,09:17:48
1702,1203,1203,2024-10-10,2202,04:38:17,07:15:43
1703,1204,1204,2025-05-02,2203,02:20:34,23:09:32
1704,1205,1205,2025-05-03,2204,15:15:11,15:24:25
1705,1206,1206,2025-05-29,2205,03:24:38,01:32:12
1706,1207,1207,2025-06-17,2206,01:31:38,13:20:28
1707,1208,1208,2024-09-14,2207,06:16:31,09:44:14
1708,1209,1209,2024-07-02,2208,16:50:07,07:17:35
1709,1210,1210,2024-09-11,2209,01:23:29,02:05:08
1710,1211,1211,2025-04-30,2210,03:10:21,11:10:08
1711,1212,1212,2025-05-09,2211,09:00:37,01:31:46
1712,1213,1213,2024-10-21,2212,00:46:56,01:47:47
1713,1214,1214,2025-04-09,2213,15:18:25,11:12:01
1714,1215,1215,2024-07-16,2214,15:21:18,12:31:58
1715,1216,1216,2025-01-08,2215,09:51:41,22:39:35
1716,1217,1217,2025-06-22,2216,00:10:15,21:40:58
1717,1218,1218,2024-09-11,2217,20:06:43,16:07:15
1718,1219,1219,2025-04-01,2218,14:24:32,15:43:03
1719,1220,1220,2025-01-19,2219,06:43:25,00:58:03
1720,1221,1221,2024-08-13,2220,07:23:00,06:52:08
1721,1222,1222,2025-05-08,2221,16:35:30,21:29:26
1722,1223,1223,2025-06-22,2222,22:52:01,14:03:44
1723,1224,1224,2025-05-08,2223,16:18:20,01:25:20
1724,1225,1225,2025-01-12,2224,11:51:36,15:37:09
1725,1226,1226,2025-01-05,2225,23:05:40,23:41:29
1726,1227,1227,2024-12-08,2226,04:48:47,07:58:14
1727,1228,1228,2025-04-19,2227,04:07:51,15:22:47
1728,1229,1229,2025-02-20,2228,21:15:05,09:25:23
1729,1230,1230,2024-10-11,2229,03:12:59,07:40:55
1730,1231,1231,2024-08-28,2230,00:10:10,13:54:31
1731,1232,1232,2024-11-10,2231,23:39:40,10:07:37
1732,1233,1233,2024-09-02,2232,23:43:01,11:06:13
1733,1234,1234,2025-02-09,2233,22:54:34,17:48:40
1734,1235,1235,2024-09-29,2234,03:10:44,16:34:19
1735,1236,1236,2024-10-26,2235,21:16:49,04:50:36
1736,1237,1237,2024-12-07,2236,12:25:38,13:54:25
1737,1238,1238,2024-07-28,2237,03:23:43,11:58:46
1738,1239,1239,2024-10-14,2238,11:10:58,07:39:56
1739,1240,1240,2024-06-29,2239,02:05:27,14:57:33
1740,1241,1241,2024-07-09,2240,23:27:37,23:22:29
1741,1242,1242,2025-04-10,2241,12:50:00,08:57:44
1742,1243,1243,2025-05-16,2242,02:17:45,05:58:16
1743,1244,1244,2024-12-20,2243,02:27:45,07:09:50
1744,1245,1245,2025-04-06,2244,18:08:23,13:27:47
1745,1246,1246,2025-05-24,2245,13:33:22,04:41:38
1746,1247,1247,2025-02-11,2246,02:14:35,21:28:56
1747,1248,1248,2025-03-06,2247,12:54:23,06:32:24
1748,1249,1249,2025-02-22,2248,16:00:43,23:04:33
1749,1250,1250,2025-03-04,2249,16:29:17,04:49:26
1750,1251,1251,2025-02-09,2250,21:53:27,10:44:53
1751,1252,1252,2024-06-27,2251,15:34:45,12:17:20
1752,1253,1253,2024-12-18,2252,20:14:28,00:59:16
1753,1254,1254,2024-10-19,2253,03:35:36,13:28:06
1754,1255,1255,2025-01-12,2254,17:45:43,00:27:23
1755,1256,1256,2024-07-25,2255,07:59:42,03:27:53
1756,1257,1257,2024-09-22,2256,21:18:56,03:29:57
1757,1258,1258,2025-03-23,2257,05:43:24,20:31:28
1758,1259,1259,2024-07-17,2258,16:03:40,21:12:06
1759,1260,1260,2024-08-12,2259,20:22:08,19:01:17
1760,1261,1261,2024-08-14,2260,12:02:47,12:47:30
1761,1262,1262,2025-02-26,2261,13:09:03,20:40:18
1762,1263,1263,2025-06-12,2262,13:20:32,01:50:58
1763,1264,1264,2025-02-28,2263,06:54:28,14:26:26
1764,1265,1265,2024-08-03,2264,12:00:05,16:31:18
1765,1266,1266,2025-01-06,2265,06:45:21,00:23:49
1766,1267,1267,2025-05-18,2266,18:13:04,03:35:05
1767,1268,1268,2025-05-11,2267,22:28:36,21:50:29
1768,1269,1269,2024-09-13,2268,06:40:51,01:43:22
1769,1270,1270,2025-04-24,2269,10:52:14,20:27:54
1770,1271,1271,2024-10-03,2270,15:35:06,01:39:30
1771,1272,1272,2025-01-25,2271,04:20:22,07:11:44
1772,1273,1273,2025-03-04,2272,18:49:34,22:43:38
1773,1274,1274,2025-04-22,2273,05:28:28,16:57:44
1774,1275,1275,2024-12-04,2274,23:30:14,01:41:49
1775,1276,1276,2025-03-20,2275,18:57:34,02:36:56
1776,1277,1277,2024-10-18,2276,20:19:40,05:31:01
1777,1278,1278,2025-06-05,2277,03:29:07,07:23:22
1778,1279,1279,2024-08-07,2278,00:51:40,17:30:16
1779,1280,1280,2024-07-20,2279,17:15:13,13:03:16
1780,1281,1281,2025-03-09,2280,04:27:43,10:19:47
1781,1282,1282,2025-05-06,2281,14:54:36,11:31:01
1782,1283,1283,2024-09-05,2282,09:40:07,10:22:35
1783,1284,1284,2024-12-21,2283,21:18:32,05:29:10
1784,1285,1285,2025-03-08,2284,21:17:45,06:45:28
1785,1286,1286,2025-04-27,2285,23:08:53,23:45:23
1786,1287,1287,2025-04-13,2286,18:14:16,06:49:48
1787,1288,1288,2025-03-21,2287,23:06:46,20:48:10
1788,1289,1289,2024-12-23,2288,23:47:56,04:35:17
1789,1290,1290,2024-09-10,2289,15:56:04,04:48:03
1790,1291,1291,2024-09-16,2290,19:59:28,19:38:23
1791,1292,1292,2024-09-15,2291,22:58:10,02:11:21
1792,1293,1293,2024-10-25,2292,05:43:43,19:13:26
1793,1294,1294,2024-12-03,2293,10:56:32,02:39:03
1794,1295,1295,2024-12-28,2294,00:03:09,18:31:18
1795,1296,1296,2025-04-13,2295,03:34:10,08:39:50
1796,1297,1297,2024-07-31,2296,23:43:14,18:35:54
1797,1298,1298,2024-06-28,2297,17:17:22,09:23:18
1798,1299,1299,2024-08-08,2298,06:21:24,12:43:00
1799,1300,1300,2024-07-30,2299,06:17:23,08:30:26
1800,1301,1301,2024-12-05,2300,16:42:07,16:28:10
1801,1302,1302,2025-05-29,2301,12:28:12,22:01:49
1802,1303,1303,2024-11-15,2302,22:51:53,23:15:08
1803,1304,1304,2024-11-10,2303,15:49:16,08:38:02
1804,1305,1305,2024-10-09,2304,07:03:48,21:52:25
1805,1306,1306,2025-01-03,2305,05:41:07,18:05:44
1806,1307,1307,2024-11-16,2306,23:44:32,08:37:13
1807,1308,1308,2024-12-15,2307,07:32:43,10:09:22
1808,1309,1309,2024-11-28,2308,13:24:59,16:12:12
1809,1310,1310,2024-09-30,2309,14:45:00,17:28:45
1810,1311,1311,2025-05-06,2310,16:25:27,10:15:13
1811,1312,1312,2025-06-05,2311,19:48:11,11:31:28
1812,1313,1313,2025-03-10,2312,20:14:37,09:27:17
1813,1314,1314,2025-04-04,2313,00:46:53,00:54:27
1814,1315,1315,2024-12-23,2314,10:45:04,02:26:09
1815,1316,1316,2024-09-27,2315,12:20:02,01:33:01
1816,1317,1317,2025-02-06,2316,16:53:22,12:11:05
1817,1318,1318,2024-08-27,2317,19:11:58,14:47:54
1818,1319,1319,2024-12-21,2318,04:54:51,03:08:44
1819,1320,1320,2025-04-06,2319,00:28:55,14:24:07
1820,1321,1321,2025-06-03,2320,05:46:20,11:42:06
1821,1322,1322,2024-11-20,2321,15:54:29,14:48:22
1822,1323,1323,2024-12-07,2322,01:19:05,06:02:41
1823,1324,1324,2024-12-13,2323,23:24:48,08:57:12
1824,1325,1325,2024-10-10,2324,01:50:27,18:41:58
1825,1326,1326,2025-05-17,2325,07:39:48,19:05:04
1826,1327,1327,2024-12-02,2326,15:13:05,00:47:53
1827,1328,1328,2025-02-11,2327,17:18:48,10:10:01
1828,1329,1329,2024-09-14,2328,06:54:53,19:44:49
1829,1330,1330,2024-07-25,2329,06:00:47,17:13:44
1830,1331,1331,2024-06-29,2330,00:03:13,10:49:53
1831,1332,1332,2024-09-21,2331,15:00:09,20:58:55
1832,1333,1333,2024-11-05,2332,00:58:20,14:01:04
1833,1334,1334,2024-12-11,2333,17:22:33,21:31:26
1834,1335,1335,2024-11-28,2334,14:00:18,18:10:32
1835,1336,1336,2025-04-15,2335,17:21:31,15:25:14
1836,1337,1337,2025-05-09,2336,13:40:13,19:06:50
1837,1338,1338,2025-04-08,2337,05:38:57,01:16:54
1838,1339,1339,2025-06-08,2338,23:13:36,22:58:11
1839,1340,1340,2024-07-15,2339,07:58:53,08:23:25
1840,1341,1341,2024-10-13,2340,01:24:02,09:07:19
1841,1342,1342,2025-05-04,2341,16:16:04,14:49:19
1842,1343,1343,2024-10-20,2342,08:24:37,14:19:16
1843,1344,1344,2025-02-26,2343,16:19:50,04:58:21
1844,1345,1345,2025-02-01,2344,21:47:05,05:56:30
1845,1346,1346,2024-12-15,2345,06:25:49,13:28:19
1846,1347,1347,2024-12-16,2346,12:27:05,21:32:17
1847,1348,1348,2024-09-13,2347,04:47:28,22:38:46
1848,1349,1349,2024-07-01,2348,02:51:24,07:44:01
1849,1350,1350,2024-11-11,2349,10:37:48,07:18:47
1850,1351,1351,2024-11-17,2350,04:21:50,13:29:33
1851,1352,1352,2024-07-02,2351,20:00:00,02:53:23
1852,1353,1353,2025-04-30,2352,14:30:45,20:45:33
1853,1354,1354,2024-11-09,2353,17:37:21,00:35:39
1854,1355,1355,2025-04-19,2354,18:40:05,02:33:28
1855,1356,1356,2025-04-30,2355,11:22:08,03:47:34
1856,1357,1357,2025-03-02,2356,08:45:55,12:00:19
1857,1358,1358,2024-11-02,2357,19:05:16,07:59:08
1858,1359,1359,2025-04-02,2358,00:28:04,05:00:32
1859,1360,1360,2024-08-27,2359,06:00:04,11:12:50
1860,1361,1361,2024-10-31,2360,09:11:11,10:41:48
1861,1362,1362,2024-07-30,2361,07:13:20,06:31:36
1862,1363,1363,2025-01-12,2362,15:42:21,05:53:37
1863,1364,1364,2024-12-27,2363,06:03:40,17:47:47
1864,1365,1365,2024-12-14,2364,16:02:00,01:36:43
1865,1366,1366,2024-12-16,2365,21:40:25,12:21:56
1866,1367,1367,2025-05-02,2366,23:43:20,06:18:48
1867,1368,1368,2025-06-03,2367,23:08:09,02:24:52
1868,1369,1369,2025-01-05,2368,05:13:10,11:50:56
1869,1370,1370,2025-04-10,2369,19:13:06,11:15:07
1870,1371,1371,2024-12-27,2370,17:09:55,19:32:35
1871,1372,1372,2025-01-01,2371,21:38:21,00:16:40
1872,1373,1373,2024-06-30,2372,07:07:02,11:47:32
1873,1374,1374,2025-02-17,2373,00:22:23,21:01:05
1874,1375,1375,2024-12-24,2374,14:33:37,22:25:43
1875,1376,1376,2024-11-21,2375,11:44:26,19:14:13
1876,1377,1377,2024-09-16,2376,05:01:53,18:11:18
1877,1378,1378,2024-09-18,2377,09:51:28,08:19:56
1878,1379,1379,2024-09-25,2378,19:26:45,15:18:41
1879,1380,1380,2025-03-09,2379,05:00:00,13:52:22
1880,1381,1381,2025-04-30,2380,13:16:55,10:18:59
1881,1382,1382,2025-02-03,2381,17:06:22,20:38:06
1882,1383,1383,2024-11-13,2382,22:09:30,08:45:58
1883,1384,1384,2025-01-26,2383,18:41:50,15:32:50
1884,1385,1385,2024-09-27,2384,00:45:31,19:02:54
1885,1386,1386,2024-10-04,2385,12:34:30,05:45:38
1886,1387,1387,2025-04-20,2386,08:22:51,18:08:25
1887,1388,1388,2025-01-14,2387,04:23:33,23:53:50
1888,1389,1389,2025-03-09,2388,20:00:14,13:23:24
1889,1390,1390,2024-11-03,2389,09:54:25,21:42:31
1890,1391,1391,2025-06-02,2390,01:00:43,09:15:44
1891,1392,1392,2024-07-13,2391,14:30:04,13:53:20
1892,1393,1393,2025-02-28,2392,20:24:38,12:33:30
1893,1394,1394,2025-05-02,2393,10:18:29,08:26:37
1894,1395,1395,2025-06-20,2394,10:28:41,11:24:21
1895,1396,1396,2024-09-28,2395,03:35:21,15:34:05
1896,1397,1397,2024-09-02,2396,15:46:03,22:41:03
1897,1398,1398,2025-05-27,2397,01:24:34,17:37:26
1898,1399,1399,2024-12-19,2398,15:15:05,11:04:01
1899,1400,1400,2025-04-18,2399,05:57:52,22:15:55
1900,1401,1401,2025-04-15,2400,11:04:17,07:33:34
1901,1402,1402,2025-01-17,2401,07:37:12,11:56:15
1902,1403,1403,2024-10-13,2402,07:04:18,06:56:52
1903,1404,1404,2025-06-23,2403,00:24:53,00:45:18
1904,1405,1405,2025-03-15,2404,15:23:04,12:00:35
1905,1406,1406,2025-06-24,2405,01:54:19,15:41:34
1906,1407,1407,2025-03-08,2406,04:55:37,01:22:40
1907,1408,1408,2024-07-18,2407,10:27:14,20:00:04
1908,1409,1409,2025-01-15,2408,17:20:13,20:11:40
1909,1410,1410,2024-11-26,2409,06:22:18,15:36:08
1910,1411,1411,2024-07-16,2410,03:03:52,17:30:40
1911,1412,1412,2025-05-28,2411,18:45:56,13:23:55
1912,1413,1413,2024-09-19,2412,03:11:12,04:36:53
1913,1414,1414,2025-01-29,2413,21:31:14,11:16:56
1914,1415,1415,2025-03-14,2414,04:49:42,09:49:59
1915,1416,1416,2024-08-01,2415,22:31:24,16:58:50
1916,1417,1417,2025-05-11,2416,15:04:04,16:36:27
1917,1418,1418,2024-09-12,2417,07:04:41,06:35:19
1918,1419,1419,2024-10-13,2418,23:41:35,03:25:05
1919,1420,1420,2024-10-27,2419,06:18:20,07:49:25
1920,1421,1421,2024-10-01,2420,20:16:17,20:41:19
1921,1422,1422,2024-10-26,2421,10:05:40,14:07:22
1922,1423,1423,2024-11-10,2422,16:45:29,01:21:05
1923,1424,1424,2025-06-23,2423,18:55:10,23:45:17
1924,1425,1425,2025-05-15,2424,15:17:07,14:11:47
1925,1426,1426,2024-07-04,2425,12:31:37,22:03:58
1926,1427,1427,2025-05-08,2426,04:06:00,18:21:55
1927,1428,1428,2024-11-25,2427,22:22:28,11:42:05
1928,1429,1429,2024-12-27,2428,21:41:59,23:09:16
1929,1430,1430,2024-08-23,2429,00:25:18,13:41:49
1930,1431,1431,2025-05-19,2430,17:47:59,05:23:13
1931,1432,1432,2025-05-21,2431,04:08:39,10:15:02
1932,1433,1433,2025-04-28,2432,20:40:22,17:49:42
1933,1434,1434,2024-09-28,2433,07:24:20,13:17:02
1934,1435,1435,2025-01-30,2434,06:02:15,05:03:49
1935,1436,1436,2025-05-23,2435,22:38:59,13:12:47
1936,1437,1437,2025-02-03,2436,04:49:06,22:22:11
1937,1438,1438,2024-12-06,2437,05:57:15,16:07:30
1938,1439,1439,2024-10-07,2438,19:24:55,04:20:05
1939,1440,1440,2025-01-28,2439,01:46:17,11:55:23
1940,1441,1441,2024-09-06,2440,03:42:19,21:42:02
1941,1442,1442,2025-05-16,2441,20:46:49,02:08:46
1942,1443,1443,2024-11-20,2442,23:29:39,19:48:03
1943,1444,1444,2025-01-06,2443,08:52:54,15:04:09
1944,1445,1445,2025-06-23,2444,15:50:25,17:29:16
1945,1446,1446,2024-09-28,2445,18:12:32,05:38:24
1946,1447,1447,2024-12-16,2446,05:51:51,07:36:48
1947,1448,1448,2024-08-06,2447,07:54:43,11:13:17
1948,1449,1449,2025-02-11,2448,20:53:55,06:44:41
1949,1450,1450,2024-10-08,2449,18:42:28,06:37:10
1950,1451,1451,2025-03-30,2450,08:36:31,05:31:07
1951,1452,1452,2024-09-05,2451,14:02:24,06:42:15
1952,1453,1453,2025-03-11,2452,05:53:47,16:48:36
1953,1454,1454,2024-10-05,2453,16:07:46,05:17:25
1954,1455,1455,2025-06-01,2454,10:41:17,08:37:17
1955,1456,1456,2024-11-27,2455,11:50:36,21:15:20
1956,1457,1457,2024-09-14,2456,12:24:12,03:09:44
1957,1458,1458,2025-05-14,2457,17:56:05,13:07:39
1958,1459,1459,2024-07-26,2458,04:46:52,01:14:11
1959,1460,1460,2024-07-19,2459,11:25:54,19:28:09
1960,1461,1461,2024-11-26,2460,11:56:30,21:01:49
1961,1462,1462,2025-04-17,2461,19:54:00,10:42:51
1962,1463,1463,2024-11-11,2462,10:35:45,06:13:35
1963,1464,1464,2024-11-03,2463,05:21:43,23:29:13
1964,1465,1465,2025-06-19,2464,20:43:23,07:27:27
1965,1466,1466,2025-05-01,2465,20:47:52,12:20:06
1966,1467,1467,2024-07-28,2466,08:59:42,23:14:43
1967,1468,1468,2025-05-18,2467,08:39:49,12:35:06
1968,1469,1469,2024-12-28,2468,05:39:04,19:54:12
1969,1470,1470,2024-10-17,2469,16:23:49,05:37:49
1970,1471,1471,2024-09-13,2470,15:40:41,17:52:34
1971,1472,1472,2024-10-14,2471,15:44:46,14:49:40
1972,1473,1473,2024-09-26,2472,14:46:17,19:05:06
1973,1474,1474,2024-06-27,2473,23:58:32,16:04:57
1974,1475,1475,2025-01-13,2474,18:57:51,06:27:51
1975,1476,1476,2025-01-15,2475,04:59:27,11:52:12
1976,1477,1477,2024-10-26,2476,01:10:53,16:08:17
1977,1478,1478,2025-04-03,2477,23:32:52,00:09:46
1978,1479,1479,2025-05-21,2478,15:25:58,00:05:08
1979,1480,1480,2025-05-09,2479,07:57:16,09:27:12
1980,1481,1481,2025-05-15,2480,21:34:02,04:20:40
1981,1482,1482,2024-09-01,2481,14:20:52,20:13:48
1982,1483,1483,2024-09-03,2482,04:52:03,03:21:35
1983,1484,1484,2024-10-26,2483,22:10:02,04:20:26
1984,1485,1485,2025-03-29,2484,05:02:26,06:51:16
1985,1486,1486,2025-04-08,2485,23:32:26,05:29:15
1986,1487,1487,2024-10-19,2486,22:16:05,04:07:37
1987,1488,1488,2025-02-27,2487,18:00:32,09:47:58
1988,1489,1489,2025-04-23,2488,14:00:09,04:58:09
1989,1490,1490,2024-07-04,2489,21:13:39,06:24:38
1990,1491,1491,2024-08-08,2490,10:11:46,17:54:27
1991,1492,1492,2025-05-25,2491,12:55:14,10:51:59
1992,1493,1493,2025-01-01,2492,22:49:35,05:38:32
1993,1494,1494,2025-02-11,2493,20:22:36,21:27:45
1994,1495,1495,2024-11-14,2494,02:40:41,00:01:02
1995,1496,1496,2025-03-20,2495,01:21:16,02:38:21
1996,1497,1497,2025-04-14,2496,17:08:03,18:46:24
1997,1498,1498,2024-10-28,2497,05:17:39,12:16:09
1998,1499,1499,2025-01-27,2498,20:49:17,09:58:11
1999,1500,1500,2025-02-17,2499,07:05:58,07:09:21
2000,1501,1501,2025-02-22,2500,04:19:57,10:55:06
2001,1502,1502,2024-09-21,2501,17:24:58,12:05:38
2002,1503,1503,2024-09-04,2502,19:06:47,05:02:02
2003,1504,1504,2024-07-16,2503,15:06:59,19:15:44
2004,1505,1505,2024-11-22,2504,20:06:47,22:24:04
2005,1506,1506,2025-06-03,2505,16:15:36,17:07:17
2006,1507,1507,2025-01-24,2506,18:53:46,05:41:43
2007,1508,1508,2025-04-06,2507,12:52:20,15:41:35
2008,1509,1509,2025-01-26,2508,15:31:49,15:58:54
2009,1510,1510,2025-01-01,2509,01:13:57,03:18:44
2010,1511,1511,2024-09-29,2510,23:32:07,14:40:47
2011,1512,1512,2025-02-21,2511,15:23:34,10:13:46
2012,1513,1513,2025-01-25,2512,02:28:29,22:28:35
2013,1514,1514,2025-05-02,2513,16:45:06,09:43:22
2014,1515,1515,2024-10-07,2514,01:35:19,09:13:54
2015,1516,1516,2024-07-18,2515,23:20:14,02:38:26
2016,1517,1517,2024-09-16,2516,20:27:29,15:16:51
2017,1518,1518,2024-12-27,2517,14:38:06,12:26:01
2018,1519,1519,2024-07-31,2518,22:22:16,13:11:52
2019,1520,1520,2025-01-17,2519,23:20:58,12:01:40
2020,1521,1521,2025-03-18,2520,21:44:03,05:39:27
2021,1522,1522,2024-08-18,2521,00:25:16,04:27:41
2022,1523,1523,2025-03-26,2522,16:07:02,17:25:28
2023,1524,1524,2024-10-04,2523,14:02:51,19:53:19
2024,1525,1525,2025-02-09,2524,10:53:52,04:52:30
2025,1526,1526,2025-05-23,2525,15:07:40,10:29:51
2026,1527,1527,2025-05-29,2526,16:24:18,10:14:34
2027,1528,1528,2024-10-01,2527,14:13:33,22:56:33
2028,1529,1529,2024-08-05,2528,00:38:44,02:28:41
2029,1530,1530,2024-09-10,2529,13:53:50,12:29:11
2030,1531,1531,2025-03-19,2530,15:20:43,04:12:11
2031,1532,1532,2024-11-17,2531,02:53:07,01:00:40
2032,1533,1533,2025-04-21,2532,15:46:01,09:00:21
2033,1534,1534,2025-04-25,2533,15:41:15,14:36:11
2034,1535,1535,2025-02-02,2534,20:20:15,10:50:18
2035,1536,1536,2024-09-24,2535,06:56:36,14:02:31
2036,1537,1537,2025-05-08,2536,08:08:23,06:37:41
2037,1538,1538,2025-03-09,2537,19:30:01,18:51:25
2038,1539,1539,2024-12-27,2538,19:34:29,23:08:52
2039,1540,1540,2025-01-07,2539,16:27:12,04:45:33
2040,1541,1541,2024-12-20,2540,12:58:40,04:42:49
2041,1542,1542,2025-01-08,2541,11:44:57,18:36:08
2042,1543,1543,2024-08-01,2542,09:03:12,19:31:57
2043,1544,1544,2024-09-23,2543,10:55:20,02:50:29
2044,1545,1545,2024-10-16,2544,06:18:35,23:43:56
2045,1546,1546,2025-05-23,2545,14:19:14,18:17:32
2046,1547,1547,2024-11-13,2546,14:48:58,01:15:59
2047,1548,1548,2024-10-18,2547,19:16:32,22:42:15
2048,1549,1549,2025-03-21,2548,01:15:32,23:32:15
2049,1550,1550,2025-02-17,2549,08:57:01,23:28:37
2050,1551,1551,2024-12-05,2550,00:14:17,03:52:04
2051,1552,1552,2025-04-15,2551,19:25:17,17:36:10
2052,1553,1553,2025-05-31,2552,09:40:32,04:10:56
2053,1554,1554,2024-08-16,2553,09:54:49,01:21:48
2054,1555,1555,2024-11-22,2554,05:25:00,07:12:58
2055,1556,1556,2025-01-22,2555,20:57:18,10:18:51
2056,1557,1557,2024-09-30,2556,13:43:03,12:11:25
2057,1558,1558,2025-03-11,2557,11:56:58,16:52:22
2058,1559,1559,2025-01-31,2558,13:17:48,22:17:02
2059,1560,1560,2024-08-31,2559,08:08:45,06:10:05
2060,1561,1561,2024-09-01,2560,16:17:40,14:35:47
2061,1562,1562,2025-04-20,2561,08:08:45,07:42:30
2062,1563,1563,2024-07-25,2562,01:58:01,18:01:19
2063,1564,1564,2024-07-03,2563,04:39:54,07:04:42
2064,1565,1565,2025-04-05,2564,18:02:01,12:58:35
2065,1566,1566,2025-06-10,2565,07:09:22,14:37:46
2066,1567,1567,2025-01-25,2566,07:35:40,22:12:36
2067,1568,1568,2024-07-05,2567,16:20:01,07:24:38
2068,1569,1569,2025-02-20,2568,04:04:07,11:09:57
2069,1570,1570,2025-03-12,2569,20:32:40,12:41:46
2070,1571,1571,2024-11-13,2570,16:50:50,21:47:06
2071,1572,1572,2025-04-07,2571,01:17:03,07:19:30
2072,1573,1573,2025-05-29,2572,06:55:17,17:29:25
2073,1574,1574,2024-07-26,2573,09:51:00,22:38:43
2074,1575,1575,2025-05-28,2574,19:31:44,20:40:45
2075,1576,1576,2025-03-01,2575,17:20:15,20:58:00
2076,1577,1577,2025-01-30,2576,02:09:23,10:39:20
2077,1578,1578,2024-08-10,2577,23:12:48,19:17:10
2078,1579,1579,2024-08-01,2578,11:17:27,21:34:50
2079,1580,1580,2024-09-18,2579,00:54:43,01:08:54
2080,1581,1581,2025-03-19,2580,12:54:31,04:52:01
2081,1582,1582,2024-12-11,2581,15:38:13,18:13:30
2082,1583,1583,2024-07-21,2582,11:48:34,18:14:49
2083,1584,1584,2024-08-31,2583,20:33:26,16:15:37
2084,1585,1585,2024-09-18,2584,06:12:01,20:46:33
2085,1586,1586,2024-07-09,2585,09:32:06,08:19:28
2086,1587,1587,2025-03-13,2586,02:54:26,04:10:42
2087,1588,1588,2025-05-22,2587,18:50:22,03:13:13
2088,1589,1589,2025-03-05,2588,10:03:49,16:29:09
2089,1590,1590,2024-11-06,2589,09:28:18,07:32:22
2090,1591,1591,2024-09-23,2590,12:16:22,05:44:11
2091,1592,1592,2024-11-22,2591,11:52:35,23:15:18
2092,1593,1593,2025-06-15,2592,20:47:20,16:00:39
2093,1594,1594,2025-03-25,2593,09:33:45,12:53:13
2094,1595,1595,2024-11-19,2594,04:42:59,23:23:40
2095,1596,1596,2024-08-06,2595,18:48:48,01:42:32
2096,1597,1597,2024-07-30,2596,00:28:22,00:47:48
2097,1598,1598,2024-12-15,2597,12:27:55,10:20:46
2098,1599,1599,2025-03-14,2598,20:49:53,19:16:28
2099,1600,1600,2024-09-05,2599,18:25:09,08:21:07
2100,1601,1601,2024-07-18,2600,04:42:45,01:13:41
2101,1602,1602,2025-05-20,2601,14:38:41,13:45:45
2102,1603,1603,2024-12-10,2602,12:29:21,13:21:53
2103,1604,1604,2024-09-26,2603,13:51:04,13:36:08
2104,1605,1605,2025-02-21,2604,06:57:52,09:27:51
2105,1606,1606,2024-09-27,2605,06:50:26,00:01:51
2106,1607,1607,2024-09-13,2606,10:05:09,15:13:06
2107,1608,1608,2025-04-14,2607,08:05:52,03:28:01
2108,1609,1609,2025-03-29,2608,23:36:14,23:16:37
2109,1610,1610,2025-03-18,2609,12:59:46,05:40:51
2110,1611,1611,2025-03-18,2610,14:58:17,17:30:06
2111,1612,1612,2025-05-10,2611,20:54:19,08:03:20
2112,1613,1613,2025-03-08,2612,07:14:18,07:54:49
2113,1614,1614,2024-09-09,2613,05:54:05,13:21:30
2114,1615,1615,2024-11-30,2614,11:08:43,14:23:37
2115,1616,1616,2025-04-16,2615,02:39:13,20:23:00
2116,1617,1617,2024-12-20,2616,06:53:14,18:13:48
2117,1618,1618,2024-11-05,2617,02:06:26,21:50:39
2118,1619,1619,2024-09-28,2618,08:59:49,21:57:41
2119,1620,1620,2024-12-11,2619,15:55:16,16:26:21
2120,1621,1621,2025-02-06,2620,23:24:13,01:33:57
2121,1622,1622,2024-09-06,2621,07:55:16,04:38:54
2122,1623,1623,2025-01-30,2622,03:59:51,18:32:09
2123,1624,1624,2025-01-21,2623,15:52:00,01:37:21
2124,1625,1625,2024-12-01,2624,05:56:41,16:47:07
2125,1626,1626,2025-04-16,2625,15:00:41,06:23:36
2126,1627,1627,2024-07-25,2626,23:44:21,02:06:14
2127,1628,1628,2024-12-19,2627,10:12:35,21:39:39
2128,1629,1629,2024-10-25,2628,03:06:41,04:52:49
2129,1630,1630,2024-08-03,2629,02:05:40,15:43:52
2130,1631,1631,2025-04-10,2630,05:01:45,04:48:39
2131,1632,1632,2024-11-20,2631,07:01:05,17:02:41
2132,1633,1633,2024-07-21,2632,02:30:37,00:07:29
2133,1634,1634,2025-06-16,2633,23:56:08,16:25:12
2134,1635,1635,2025-01-28,2634,13:15:25,14:23:50
2135,1636,1636,2024-12-24,2635,11:11:32,18:26:02
2136,1637,1637,2025-03-15,2636,15:11:32,13:28:30
2137,1638,1638,2024-12-28,2637,11:39:57,14:06:32
2138,1639,1639,2025-01-30,2638,22:30:22,00:23:20
2139,1640,1640,2025-04-10,2639,10:09:31,11:36:07
2140,1641,1641,2024-10-24,2640,05:42:43,11:34:18
2141,1642,1642,2025-03-15,2641,03:04:23,22:41:12
2142,1643,1643,2024-08-21,2642,01:28:58,12:38:25
2143,1644,1644,2024-08-19,2643,16:29:58,18:47:06
2144,1645,1645,2024-09-06,2644,01:58:20,15:11:20
2145,1646,1646,2024-06-28,2645,00:58:14,14:52:23
2146,1647,1647,2025-04-21,2646,10:05:31,15:16:18
2147,1648,1648,2025-03-06,2647,12:11:13,15:17:12
2148,1649,1649,2024-07-16,2648,06:21:10,10:30:43
2149,1650,1650,2024-12-13,2649,10:05:38,01:05:51
2150,1651,1651,2025-01-26,2650,18:32:28,12:31:29
2151,1652,1652,2024-09-23,2651,23:05:27,14:59:42
2152,1653,1653,2024-09-06,2652,21:58:48,12:00:03
2153,1654,1654,2024-09-12,2653,03:18:20,01:13:48
2154,1655,1655,2025-02-26,2654,02:08:11,04:27:09
2155,1656,1656,2025-05-27,2655,15:34:19,19:20:11
2156,1657,1657,2024-08-02,2656,09:17:08,02:52:00
2157,1658,1658,2024-11-30,2657,01:42:23,14:52:35
2158,1659,1659,2024-12-31,2658,15:57:35,11:47:59
2159,1660,1660,2024-06-29,2659,09:27:44,08:28:22
2160,1661,1661,2024-10-30,2660,14:53:24,14:34:05
2161,1662,1662,2024-09-28,2661,22:21:01,13:44:37
2162,1663,1663,2025-05-07,2662,08:53:10,16:26:55
2163,1664,1664,2025-01-17,2663,11:25:06,00:25:20
2164,1665,1665,2024-11-14,2664,20:14:35,12:51:36
2165,1666,1666,2025-05-24,2665,18:44:33,18:48:05
2166,1667,1667,2025-04-20,2666,00:53:48,06:46:41
2167,1668,1668,2025-06-07,2667,01:01:18,04:35:18
2168,1669,1669,2025-03-08,2668,23:57:45,03:45:01
2169,1670,1670,2024-11-21,2669,01:16:45,06:53:25
2170,1671,1671,2024-10-29,2670,23:07:39,06:46:30
2171,1672,1672,2024-09-26,2671,17:27:00,00:05:04
2172,1673,1673,2024-07-08,2672,06:20:56,12:40:40
2173,1674,1674,2024-10-25,2673,20:33:58,13:35:01
2174,1675,1675,2025-04-13,2674,04:18:28,22:13:03
2175,1676,1676,2025-01-17,2675,10:51:55,16:47:43
2176,1677,1677,2024-08-10,2676,19:26:23,05:25:32
2177,1678,1678,2025-03-17,2677,16:24:56,20:20:33
2178,1679,1679,2024-09-09,2678,01:34:27,15:31:38
2179,1680,1680,2024-10-11,2679,23:13:33,05:28:32
2180,1681,1681,2025-05-23,2680,22:26:22,10:27:47
2181,1682,1682,2024-11-15,2681,10:32:57,19:47:18
2182,1683,1683,2025-02-27,2682,19:21:40,01:15:39
2183,1684,1684,2025-04-09,2683,14:00:33,15:56:14
2184,1685,1685,2024-11-07,2684,05:33:32,12:57:51
2185,1686,1686,2025-04-15,2685,13:34:29,20:29:11
2186,1687,1687,2025-03-08,2686,16:41:46,11:29:57
2187,1688,1688,2025-03-30,2687,02:20:06,00:22:31
2188,1689,1689,2024-07-06,2688,02:08:46,19:24:09
2189,1690,1690,2025-02-22,2689,16:32:03,06:41:21
2190,1691,1691,2025-04-30,2690,09:07:33,02:12:53
2191,1692,1692,2024-12-28,2691,18:04:51,04:53:15
2192,1693,1693,2025-04-21,2692,09:53:44,21:20:18
2193,1694,1694,2024-10-03,2693,19:20:37,00:39:15
2194,1695,1695,2025-05-12,2694,06:41:57,20:44:06
2195,1696,1696,2025-02-09,2695,03:33:42,09:18:24
2196,1697,1697,2024-11-16,2696,09:03:51,05:08:11
2197,1698,1698,2024-09-13,2697,03:23:01,04:45:25
2198,1699,1699,2024-08-17,2698,22:27:43,10:18:01
2199,1700,1700,2025-03-07,2699,08:25:34,07:40:31
2200,1701,1701,2024-07-12,2700,18:40:16,01:51:07
2201,1702,1702,2025-01-16,2701,17:19:03,06:44:53
2202,1703,1703,2025-02-08,2702,08:23:25,02:38:37
2203,1704,1704,2024-07-02,2703,21:03:30,18:58:03
2204,1705,1705,2024-07-13,2704,08:34:22,20:23:40
2205,1706,1706,2024-11-16,2705,12:52:52,07:21:54
2206,1707,1707,2024-11-05,2706,22:23:10,21:57:48
2207,1708,1708,2025-02-08,2707,19:37:29,21:21:03
2208,1709,1709,2024-12-20,2708,20:53:27,07:01:41
2209,1710,1710,2024-12-24,2709,07:42:21,14:10:35
2210,1711,1711,2024-10-08,2710,22:42:44,08:16:38
2211,1712,1712,2025-01-27,2711,23:32:06,13:02:34
2212,1713,1713,2025-02-04,2712,15:04:56,16:22:36
2213,1714,1714,2024-07-22,2713,04:15:52,22:28:10
2214,1715,1715,2024-12-21,2714,18:34:39,06:36:19
2215,1716,1716,2024-10-13,2715,01:28:06,12:28:14
2216,1717,1717,2025-04-21,2716,22:17:58,00:41:21
2217,1718,1718,2025-04-25,2717,12:28:37,00:15:26
2218,1719,1719,2024-12-25,2718,09:12:53,22:27:05
2219,1720,1720,2024-10-26,2719,16:18:31,10:45:09
2220,1721,1721,2025-05-06,2720,02:01:42,01:54:11
2221,1722,1722,2024-08-10,2721,16:51:52,05:31:24
2222,1723,1723,2025-05-28,2722,23:07:36,08:07:08
2223,1724,1724,2025-06-06,2723,14:01:05,06:03:56
2224,1725,1725,2024-12-20,2724,22:55:38,22:20:18
2225,1726,1726,2024-07-11,2725,09:39:00,06:02:41
2226,1727,1727,2024-07-02,2726,20:26:53,01:56:58
2227,1728,1728,2025-03-09,2727,23:03:12,11:26:16
2228,1729,1729,2024-08-25,2728,12:39:49,22:26:49
2229,1730,1730,2024-10-22,2729,14:08:55,10:53:45
2230,1731,1731,2024-07-11,2730,07:44:29,09:31:29
2231,1732,1732,2025-04-29,2731,13:43:49,05:20:02
2232,1733,1733,2024-11-04,2732,22:52:24,06:45:51
2233,1734,1734,2024-08-08,2733,09:32:05,12:06:20
2234,1735,1735,2025-05-16,2734,21:42:19,17:22:06
2235,1736,1736,2024-10-09,2735,05:24:50,16:41:40
2236,1737,1737,2025-01-04,2736,21:26:24,07:43:29
2237,1738,1738,2025-06-10,2737,09:47:04,03:41:27
2238,1739,1739,2024-10-22,2738,06:57:04,18:10:09
2239,1740,1740,2024-12-17,2739,08:35:57,08:15:58
2240,1741,1741,2025-02-26,2740,18:07:04,22:29:21
2241,1742,1742,2025-04-07,2741,06:57:18,18:41:03
2242,1743,1743,2025-01-07,2742,14:32:48,11:32:57
2243,1744,1744,2025-03-28,2743,05:50:07,06:43:10
2244,1745,1745,2025-05-26,2744,15:12:44,00:17:12
2245,1746,1746,2024-11-29,2745,17:25:02,12:48:16
2246,1747,1747,2024-10-24,2746,10:37:43,00:56:31
2247,1748,1748,2025-05-13,2747,18:42:48,05:22:55
2248,1749,1749,2024-08-22,2748,17:00:34,09:03:47
2249,1750,1750,2024-06-30,2749,00:27:59,08:04:25
2250,1751,1751,2024-10-22,2750,14:49:08,08:27:09
2251,1752,1752,2025-04-03,2751,23:16:19,17:16:42
2252,1753,1753,2025-03-25,2752,11:20:15,06:45:04
2253,1754,1754,2024-12-03,2753,22:12:42,16:26:34
2254,1755,1755,2024-10-20,2754,13:44:01,12:22:22
2255,1756,1756,2025-04-21,2755,17:28:36,02:58:07
2256,1757,1757,2024-11-15,2756,10:30:35,20:22:18
2257,1758,1758,2025-04-12,2757,15:12:29,15:04:32
2258,1759,1759,2025-01-15,2758,06:21:43,03:18:27
2259,1760,1760,2025-04-04,2759,08:47:37,11:39:32
2260,1761,1761,2025-05-29,2760,21:14:27,11:59:41
2261,1762,1762,2024-12-23,2761,02:03:32,18:34:58
2262,1763,1763,2024-12-02,2762,05:07:54,03:45:38
2263,1764,1764,2025-03-27,2763,03:11:48,11:26:20
2264,1765,1765,2025-02-13,2764,13:12:29,18:23:55
2265,1766,1766,2025-04-07,2765,04:06:42,08:47:11
2266,1767,1767,2024-10-20,2766,03:30:19,13:32:20
2267,1768,1768,2024-09-13,2767,03:28:48,07:48:12
2268,1769,1769,2025-03-30,2768,11:57:52,00:38:29
2269,1770,1770,2025-04-26,2769,00:39:46,10:54:31
2270,1771,1771,2024-07-23,2770,23:27:20,04:48:13
2271,1772,1772,2024-10-05,2771,12:31:14,13:14:32
2272,1773,1773,2025-04-06,2772,08:20:46,02:43:12
2273,1774,1774,2025-04-10,2773,09:06:49,03:32:41
2274,1775,1775,2025-03-27,2774,05:18:47,05:28:17
2275,1776,1776,2025-03-13,2775,13:07:31,08:15:49
2276,1777,1777,2024-10-04,2776,11:37:55,03:35:17
2277,1778,1778,2025-06-12,2777,21:39:57,08:38:36
2278,1779,1779,2025-05-13,2778,07:48:18,14:46:29
2279,1780,1780,2025-06-18,2779,17:48:41,13:41:14
2280,1781,1781,2025-05-28,2780,09:58:05,04:16:26
2281,1782,1782,2024-11-20,2781,20:13:46,17:41:42
2282,1783,1783,2025-03-21,2782,12:17:49,07:52:34
2283,1784,1784,2024-08-10,2783,12:41:41,10:13:47
2284,1785,1785,2024-10-11,2784,01:20:34,20:30:19
2285,1786,1786,2024-08-12,2785,13:34:15,12:36:10
2286,1787,1787,2025-05-24,2786,23:47:25,23:00:06
2287,1788,1788,2025-02-10,2787,09:13:57,00:32:17
2288,1789,1789,2025-02-24,2788,07:28:04,11:28:40
2289,1790,1790,2024-10-14,2789,02:12:55,09:55:19
2290,1791,1791,2024-10-27,2790,04:11:42,22:44:22
2291,1792,1792,2025-03-07,2791,04:26:58,14:04:46
2292,1793,1793,2025-03-30,2792,17:21:49,03:50:40
2293,1794,1794,2025-03-22,2793,12:40:23,03:24:45
2294,1795,1795,2024-09-20,2794,05:55:18,03:13:10
2295,1796,1796,2025-03-02,2795,22:42:05,07:44:20
2296,1797,1797,2025-05-01,2796,15:32:40,09:32:29
2297,1798,1798,2025-06-04,2797,16:15:34,06:41:46
2298,1799,1799,2025-01-05,2798,23:03:39,01:41:15
2299,1800,1800,2025-01-20,2799,18:19:31,18:05:36
2300,1801,1801,2024-12-02,2800,20:38:46,06:22:50
2301,1802,1802,2025-02-06,2801,05:11:26,12:11:40
2302,1803,1803,2025-04-01,2802,02:20:59,20:00:20
2303,1804,1804,2024-08-11,2803,14:26:39,17:21:46
2304,1805,1805,2025-01-25,2804,01:11:17,20:19:06
2305,1806,1806,2024-09-30,2805,08:37:58,06:47:32
2306,1807,1807,2025-01-15,2806,17:17:19,22:14:23
2307,1808,1808,2025-05-21,2807,15:43:56,16:29:55
2308,1809,1809,2024-08-02,2808,23:58:10,20:47:55
2309,1810,1810,2024-10-30,2809,07:19:53,15:49:15
2310,1811,1811,2025-03-10,2810,23:49:30,02:07:55
2311,1812,1812,2025-03-16,2811,06:20:13,21:42:07
2312,1813,1813,2024-09-25,2812,17:35:14,15:34:12
2313,1814,1814,2024-07-19,2813,11:04:46,18:28:04
2314,1815,1815,2024-10-25,2814,06:58:19,13:47:36
2315,1816,1816,2025-04-07,2815,01:28:27,03:12:36
2316,1817,1817,2024-07-21,2816,23:19:40,09:31:52
2317,1818,1818,2024-10-20,2817,21:18:33,09:14:49
2318,1819,1819,2025-06-14,2818,18:59:57,02:10:26
2319,1820,1820,2025-02-21,2819,04:13:06,21:26:01
2320,1821,1821,2025-01-09,2820,23:48:45,09:45:03
2321,1822,1822,2025-01-12,2821,00:36:33,00:28:20
2322,1823,1823,2025-05-21,2822,23:23:59,07:07:43
2323,1824,1824,2024-07-03,2823,13:11:36,14:35:46
2324,1825,1825,2025-05-28,2824,14:20:51,09:17:13
2325,1826,1826,2025-05-27,2825,14:05:52,00:39:22
2326,1827,1827,2024-12-20,2826,01:23:38,04:29:55
2327,1828,1828,2025-01-05,2827,02:07:52,09:55:22
2328,1829,1829,2024-09-02,2828,15:53:01,15:02:44
2329,1830,1830,2024-06-24,2829,04:51:27,10:44:55
2330,1831,1831,2025-02-09,2830,00:38:08,18:47:22
2331,1832,1832,2025-02-05,2831,07:30:41,21:26:53
2332,1833,1833,2025-01-18,2832,17:23:39,05:53:26
2333,1834,1834,2024-08-29,2833,06:32:43,19:53:30
2334,1835,1835,2025-02-04,2834,03:45:11,03:26:22
2335,1836,1836,2025-03-11,2835,14:52:44,05:23:33
2336,1837,1837,2024-11-30,2836,06:28:13,10:14:50
2337,1838,1838,2024-12-30,2837,19:47:44,08:22:04
2338,1839,1839,2025-06-24,2838,04:07:09,04:11:48
2339,1840,1840,2025-04-19,2839,23:59:56,16:15:38
2340,1841,1841,2024-06-30,2840,18:36:58,12:57:56
2341,1842,1842,2024-07-17,2841,03:47:58,00:49:45
2342,1843,1843,2025-05-22,2842,12:55:35,12:45:45
2343,1844,1844,2025-05-08,2843,03:56:14,03:15:40
2344,1845,1845,2025-05-19,2844,04:59:51,03:35:34
2345,1846,1846,2024-12-14,2845,07:26:05,00:43:20
2346,1847,1847,2024-08-06,2846,06:27:35,06:19:12
2347,1848,1848,2025-05-27,2847,20:32:09,02:53:22
2348,1849,1849,2024-08-31,2848,23:18:07,09:30:49
2349,1850,1850,2024-11-15,2849,16:29:27,17:09:06
2350,1851,1851,2024-12-19,2850,15:33:02,10:09:42
2351,1852,1852,2025-06-11,2851,11:08:12,20:17:07
2352,1853,1853,2025-04-17,2852,03:04:33,01:25:19
2353,1854,1854,2025-01-30,2853,23:33:38,13:22:40
2354,1855,1855,2024-08-05,2854,00:49:39,19:02:50
2355,1856,1856,2024-09-30,2855,08:21:38,11:03:12
2356,1857,1857,2025-06-17,2856,21:09:10,22:09:00
2357,1858,1858,2025-04-05,2857,10:57:46,20:48:19
2358,1859,1859,2024-07-05,2858,11:34:29,08:50:48
2359,1860,1860,2024-09-04,2859,06:24:11,20:38:47
2360,1861,1861,2025-03-05,2860,03:11:55,20:58:17
2361,1862,1862,2024-11-02,2861,21:41:08,01:13:19
2362,1863,1863,2024-11-26,2862,15:28:59,21:49:12
2363,1864,1864,2025-06-19,2863,12:14:42,07:02:38
2364,1865,1865,2025-05-16,2864,18:52:00,03:04:59
2365,1866,1866,2024-12-15,2865,15:15:46,14:18:58
2366,1867,1867,2024-09-26,2866,08:37:07,04:30:57
2367,1868,1868,2025-04-30,2867,06:08:50,02:46:32
2368,1869,1869,2024-07-20,2868,03:17:51,03:06:17
2369,1870,1870,2024-10-26,2869,04:36:06,18:39:55
2370,1871,1871,2024-09-02,2870,12:19:37,08:45:41
2371,1872,1872,2025-05-23,2871,20:44:14,23:25:21
2372,1873,1873,2025-04-23,2872,03:05:55,08:48:46
2373,1874,1874,2024-12-06,2873,01:43:58,21:37:16
2374,1875,1875,2025-02-28,2874,12:24:52,13:17:09
2375,1876,1876,2024-10-11,2875,21:40:43,02:07:17
2376,1877,1877,2024-08-13,2876,00:58:54,01:41:46
2377,1878,1878,2024-08-30,2877,14:30:41,08:10:25
2378,1879,1879,2025-04-30,2878,07:11:36,14:06:20
2379,1880,1880,2025-01-17,2879,05:41:24,04:47:06
2380,1881,1881,2025-03-09,2880,09:41:48,14:32:34
2381,1882,1882,2024-11-28,2881,13:05:54,14:44:38
2382,1883,1883,2024-07-06,2882,00:04:09,16:15:26
2383,1884,1884,2024-09-17,2883,17:01:35,19:32:01
2384,1885,1885,2024-11-10,2884,04:04:16,06:13:05
2385,1886,1886,2025-04-19,2885,17:24:36,20:08:50
2386,1887,1887,2024-10-16,2886,17:50:58,01:15:10
2387,1888,1888,2024-06-28,2887,01:00:11,23:21:12
2388,1889,1889,2024-08-18,2888,12:28:55,01:21:20
2389,1890,1890,2024-07-10,2889,19:13:34,00:23:43
2390,1891,1891,2025-05-30,2890,06:52:16,21:17:26
2391,1892,1892,2024-07-10,2891,20:20:20,03:45:19
2392,1893,1893,2025-03-08,2892,15:47:52,20:58:57
2393,1894,1894,2025-03-12,2893,14:48:30,15:57:47
2394,1895,1895,2025-02-25,2894,22:01:21,17:07:17
2395,1896,1896,2025-04-15,2895,12:34:57,04:16:45
2396,1897,1897,2024-09-05,2896,05:24:34,03:13:45
2397,1898,1898,2024-09-21,2897,05:41:42,09:02:23
2398,1899,1899,2025-05-15,2898,19:32:19,14:15:38
2399,1900,1900,2025-01-19,2899,23:01:20,21:43:53
2400,1901,1901,2025-03-31,2900,16:51:27,22:16:13
2401,1902,1902,2024-07-03,2901,19:33:04,18:55:42
2402,1903,1903,2024-09-23,2902,11:11:54,11:00:10
2403,1904,1904,2024-06-24,2903,12:13:55,04:08:10
2404,1905,1905,2025-03-01,2904,20:38:27,12:23:20
2405,1906,1906,2025-05-04,2905,09:53:23,10:06:50
2406,1907,1907,2024-09-02,2906,11:10:15,06:50:56
2407,1908,1908,2024-07-10,2907,17:59:21,00:40:00
2408,1909,1909,2025-03-19,2908,16:42:23,02:31:01
2409,1910,1910,2024-08-04,2909,12:57:24,11:06:33
2410,1911,1911,2024-07-10,2910,11:28:26,00:31:11
2411,1912,1912,2025-05-14,2911,15:16:51,03:14:53
2412,1913,1913,2024-06-24,2912,23:24:18,13:07:25
2413,1914,1914,2024-12-16,2913,03:27:50,03:50:55
2414,1915,1915,2025-06-17,2914,20:50:59,14:08:10
2415,1916,1916,2024-11-29,2915,19:29:01,14:32:58
2416,1917,1917,2025-04-08,2916,01:48:20,05:28:08
2417,1918,1918,2024-09-03,2917,00:57:57,22:09:38
2418,1919,1919,2025-05-01,2918,20:16:01,12:42:10
2419,1920,1920,2025-05-27,2919,14:21:31,18:22:50
2420,1921,1921,2025-02-22,2920,05:15:15,23:08:23
2421,1922,1922,2025-04-16,2921,09:43:48,18:52:50
2422,1923,1923,2024-11-16,2922,02:08:57,15:11:21
2423,1924,1924,2025-04-23,2923,03:01:44,14:48:36
2424,1925,1925,2024-12-20,2924,02:34:13,01:41:22
2425,1926,1926,2024-08-03,2925,05:46:20,03:29:18
2426,1927,1927,2024-07-20,2926,11:07:51,19:01:47
2427,1928,1928,2025-06-02,2927,21:00:29,06:43:30
2428,1929,1929,2025-05-24,2928,21:56:56,14:11:39
2429,1930,1930,2024-11-24,2929,04:01:22,12:27:47
2430,1931,1931,2025-03-29,2930,23:39:17,10:34:36
2431,1932,1932,2024-12-03,2931,03:51:20,00:11:21
2432,1933,1933,2025-03-19,2932,09:53:51,07:54:48
2433,1934,1934,2025-01-22,2933,22:58:24,01:58:30
2434,1935,1935,2024-08-07,2934,08:10:37,02:58:08
2435,1936,1936,2025-01-05,2935,23:27:48,04:31:47
2436,1937,1937,2025-05-15,2936,04:24:12,09:47:39
2437,1938,1938,2025-01-06,2937,07:19:21,10:31:20
2438,1939,1939,2024-11-09,2938,00:42:37,05:16:08
2439,1940,1940,2024-12-11,2939,02:16:44,19:51:17
2440,1941,1941,2025-02-21,2940,21:58:28,01:44:43
2441,1942,1942,2025-01-16,2941,08:14:10,09:18:08
2442,1943,1943,2025-03-15,2942,12:33:08,06:36:02
2443,1944,1944,2024-08-08,2943,10:16:55,18:25:10
2444,1945,1945,2025-05-28,2944,01:14:44,01:54:21
2445,1946,1946,2024-08-27,2945,05:16:17,00:52:56
2446,1947,1947,2025-06-15,2946,21:20:50,21:13:25
2447,1948,1948,2024-12-16,2947,00:44:50,10:40:24
2448,1949,1949,2024-08-22,2948,08:30:38,20:28:26
2449,1950,1950,2024-12-31,2949,00:26:18,14:36:58
2450,1951,1951,2024-06-28,2950,20:49:54,00:02:47
2451,1952,1952,2024-10-27,2951,22:59:41,17:42:19
2452,1953,1953,2025-05-31,2952,06:57:20,21:23:41
2453,1954,1954,2024-08-13,2953,06:48:43,04:50:40
2454,1955,1955,2024-08-10,2954,18:17:07,05:34:36
2455,1956,1956,2025-03-17,2955,10:51:36,23:40:05
2456,1957,1957,2024-08-15,2956,11:08:43,11:48:08
2457,1958,1958,2025-03-29,2957,05:01:36,04:27:29
2458,1959,1959,2025-05-06,2958,01:29:16,20:31:55
2459,1960,1960,2024-09-21,2959,08:20:13,20:37:24
2460,1961,1961,2025-06-11,2960,18:50:20,18:24:07
2461,1962,1962,2025-04-06,2961,01:31:38,14:13:37
2462,1963,1963,2025-03-26,2962,18:41:11,09:30:18
2463,1964,1964,2024-07-14,2963,14:34:23,18:24:59
2464,1965,1965,2024-08-05,2964,14:14:54,14:49:36
2465,1966,1966,2025-03-03,2965,18:30:06,11:25:22
2466,1967,1967,2025-06-05,2966,12:29:55,10:41:03
2467,1968,1968,2024-09-29,2967,10:02:40,01:40:15
2468,1969,1969,2025-03-04,2968,11:52:14,15:21:05
2469,1970,1970,2024-11-29,2969,03:51:30,18:03:18
2470,1971,1971,2025-01-06,2970,00:34:06,17:17:11
2471,1972,1972,2024-12-02,2971,09:51:25,09:46:09
2472,1973,1973,2024-07-31,2972,18:18:59,05:54:54
2473,1974,1974,2025-06-13,2973,05:08:22,23:14:51
2474,1975,1975,2025-03-25,2974,02:14:54,16:36:53
2475,1976,1976,2025-01-06,2975,03:28:59,13:24:41
2476,1977,1977,2024-07-26,2976,02:58:17,10:23:21
2477,1978,1978,2025-04-19,2977,04:42:37,12:28:49
2478,1979,1979,2024-07-09,2978,22:03:26,23:37:51
2479,1980,1980,2024-12-11,2979,05:14:37,00:18:23
2480,1981,1981,2025-04-15,2980,09:03:48,08:54:28
2481,1982,1982,2025-06-06,2981,08:44:02,02:36:58
2482,1983,1983,2024-10-23,2982,02:08:26,00:18:51
2483,1984,1984,2025-02-13,2983,03:47:23,08:36:31
2484,1985,1985,2024-11-28,2984,07:21:05,00:37:27
2485,1986,1986,2024-11-23,2985,09:00:08,02:13:18
2486,1987,1987,2025-02-24,2986,16:12:59,11:51:19
2487,1988,1988,2025-03-18,2987,05:06:25,10:15:03
2488,1989,1989,2024-12-21,2988,12:27:39,19:30:32
2489,1990,1990,2024-09-21,2989,21:43:30,22:18:35
2490,1991,1991,2025-06-23,2990,00:25:26,21:03:09
2491,1992,1992,2025-01-30,2991,21:04:09,06:51:41
2492,1993,1993,2025-01-15,2992,03:59:05,11:55:53
2493,1994,1994,2024-07-21,2993,17:41:37,02:33:57
2494,1995,1995,2024-09-28,2994,06:09:20,06:39:37
2495,1996,1996,2024-07-28,2995,21:53:11,05:22:14
2496,1997,1997,2025-06-10,2996,01:37:23,02:22:55
2497,1998,1998,2024-08-01,2997,05:23:43,09:41:07
2498,1999,1999,2024-09-07,2998,15:23:08,20:43:54
2499,2000,2000,2025-01-05,2999,20:25:58,15:59:59
