Id_Pago,Id_Reserva,Monto,Fecha_Pago,Metodo_Pago
1,1000,472762.95,2024-07-07,Efectivo
2,1001,143985.74,2024-10-27,E
3,1002,279660.35,2024-06-24,E
4,1003,695407.22,2025-02-05,E
5,1004,190823.12,2025-01-19,E
6,1005,216748.11,2025-04-16,E
7,1006,517646.25,2024-10-10,E
8,1007,665555.04,2025-01-19,E
9,1008,64680.07,2024-11-19,E
10,1009,353647.53,2025-03-03,E
11,1010,796439.38,2024-08-19,E
12,1011,251082.7,2024-10-06,E
13,1012,981139.49,2024-05-31,E
14,1013,292818.0,2024-10-07,E
15,1014,121150.59,2025-01-31,E
16,1015,301036.8,2025-04-12,E
17,1016,398041.71,2024-04-22,E
18,1017,970696.31,2025-03-21,E
19,1018,668853.66,2025-03-29,E
20,1019,458174.15,2024-11-18,E
21,1020,604781.02,2025-03-02,E
22,1021,693568.25,2024-07-14,E
23,1022,80946.82,2024-09-27,E
24,1023,658400.53,2024-10-08,E
25,1024,534384.22,2024-12-20,E
26,1025,203745.21,2024-06-27,E
27,1026,664434.47,2024-05-07,E
28,1027,744335.12,2024-08-05,E
29,1028,517304.67,2024-11-06,E
30,1029,970897.89,2024-05-21,E
31,1030,281781.19,2024-08-24,E
32,1031,415904.03,2025-01-09,E
33,1032,15922.26,2025-04-01,E
34,1033,209345.15,2024-10-10,E
35,1034,875001.31,2024-09-30,E
36,1035,111483.71,2024-05-04,E
37,1036,936911.43,2025-01-15,E
38,1037,798887.02,2025-01-03,E
39,1038,292243.39,2025-01-22,E
40,1039,993745.16,2025-01-24,E
41,1040,308211.58,2024-08-10,E
42,1041,747756.8,2024-05-15,E
43,1042,555678.24,2024-09-21,E
44,1043,859450.68,2025-01-14,E
45,1044,846696.02,2024-08-31,E
46,1045,792842.61,2024-11-21,E
47,1046,656445.43,2024-06-16,E
48,1047,909207.41,2025-01-28,E
49,1048,466091.37,2024-10-27,E
50,1049,768086.03,2024-06-04,E
51,1050,282845.9,2025-03-28,E
52,1051,453207.92,2024-09-11,E
53,1052,96309.47,2025-01-06,E
54,1053,423412.66,2024-06-03,E
55,1054,720354.48,2025-01-17,E
56,1055,551174.35,2025-03-07,E
57,1056,276307.03,2024-05-20,E
58,1057,970296.64,2025-04-05,E
59,1058,284448.85,2024-07-05,E
60,1059,940249.04,2024-11-01,E
61,1060,397577.55,2025-01-31,E
62,1061,14784.98,2025-02-01,E
63,1062,179295.67,2025-01-26,E
64,1063,501750.8,2025-01-03,E
65,1064,710665.87,2024-04-19,E
66,1065,765142.76,2025-01-31,E
67,1066,645835.45,2024-07-05,E
68,1067,660758.5,2025-01-06,E
69,1068,899766.93,2024-08-15,E
70,1069,337413.81,2024-10-05,E
71,1070,88583.19,2024-06-27,E
72,1071,605828.96,2024-09-29,E
73,1072,859418.17,2025-02-22,E
74,1073,691202.72,2024-04-18,E
75,1074,342715.47,2024-11-23,E
76,1075,358193.74,2024-05-12,E
77,1076,943402.83,2024-05-04,E
78,1077,778701.36,2024-11-29,E
79,1078,81831.11,2024-10-03,E
80,1079,641284.04,2024-11-14,E
81,1080,280316.29,2024-07-04,E
82,1081,915460.49,2024-12-04,E
83,1082,53775.78,2024-10-26,E
84,1083,792365.32,2025-01-30,E
85,1084,47515.85,2024-06-01,E
86,1085,622757.19,2024-12-17,E
87,1086,580766.91,2024-08-01,E
88,1087,284625.94,2024-11-20,E
89,1088,946050.09,2024-09-15,E
90,1089,241988.59,2024-07-19,E
91,1090,785427.67,2025-03-18,E
92,1091,278145.81,2024-10-10,E
93,1092,691756.82,2024-10-15,E
94,1093,251806.5,2025-03-17,E
95,1094,330638.86,2024-05-27,E
96,1095,697987.86,2024-12-13,E
97,1096,221396.95,2025-03-21,E
98,1097,377203.69,2024-05-18,E
99,1098,728675.86,2024-09-26,E
100,1099,389780.12,2024-10-13,E
101,1100,323164.72,2024-12-18,E
102,1101,111916.79,2024-08-24,E
103,1102,822456.54,2024-05-20,E
104,1103,319832.16,2024-05-15,E
105,1104,777066.1,2024-08-01,E
106,1105,436656.38,2024-08-28,E
107,1106,375182.39,2025-03-03,E
108,1107,686759.09,2024-11-09,E
109,1108,827983.17,2024-12-11,E
110,1109,131320.13,2025-02-18,E
111,1110,403285.67,2025-01-21,E
112,1111,993198.86,2024-04-23,E
113,1112,437639.93,2024-12-24,E
114,1113,979109.51,2025-01-15,E
115,1114,432949.16,2025-02-08,E
116,1115,530154.62,2024-12-11,E
117,1116,542732.35,2024-06-10,E
118,1117,308675.03,2024-12-27,E
119,1118,703274.51,2024-12-03,E
120,1119,617372.01,2024-11-16,E
121,1120,436832.49,2024-10-26,E
122,1121,248502.0,2024-09-29,E
123,1122,518452.98,2025-02-08,E
124,1123,817070.43,2024-09-04,E
125,1124,290959.58,2024-08-30,E
126,1125,693414.7,2025-02-24,E
127,1126,886368.75,2024-06-11,E
128,1127,578018.87,2024-11-24,E
129,1128,518070.94,2024-07-21,E
130,1129,597848.07,2024-06-22,E
131,1130,625922.37,2024-05-23,E
132,1131,913933.65,2025-02-09,E
133,1132,480703.14,2024-08-02,E
134,1133,326133.24,2025-03-13,E
135,1134,451523.99,2025-03-25,E
136,1135,231446.45,2024-06-13,E
137,1136,299226.77,2025-02-10,E
138,1137,193217.24,2024-09-13,E
139,1138,885659.67,2024-07-20,E
140,1139,473933.99,2024-10-05,E
141,1140,401336.42,2024-10-15,E
142,1141,862531.61,2024-07-07,E
143,1142,213093.18,2024-06-19,E
144,1143,422162.57,2024-06-04,E
145,1144,593647.37,2025-02-16,E
146,1145,165849.89,2024-12-23,E
147,1146,90954.72,2025-04-11,E
148,1147,832580.39,2024-11-26,E
149,1148,523670.83,2025-04-07,E
150,1149,206296.39,2025-03-02,E
151,1150,509787.42,2025-01-27,E
152,1151,302525.21,2024-10-30,E
153,1152,468869.04,2024-11-03,E
154,1153,582980.07,2024-04-25,E
155,1154,452988.31,2024-06-20,E
156,1155,868892.58,2024-04-18,E
157,1156,736536.5,2024-08-10,E
158,1157,386417.24,2024-08-15,E
159,1158,395730.04,2024-11-13,E
160,1159,68791.97,2024-07-30,E
161,1160,524198.87,2024-06-06,E
162,1161,431755.81,2024-04-21,E
163,1162,495531.62,2024-08-04,E
164,1163,480296.9,2024-04-28,E
165,1164,555085.69,2024-09-03,E
166,1165,957323.47,2024-08-31,E
167,1166,232375.89,2025-02-09,E
168,1167,332965.86,2025-02-04,E
169,1168,492051.35,2024-07-14,E
170,1169,140170.0,2024-09-22,E
171,1170,634274.09,2025-01-19,E
172,1171,819523.63,2024-11-25,E
173,1172,128244.92,2024-12-10,E
174,1173,868902.43,2024-11-26,E
175,1174,949377.03,2024-07-17,E
176,1175,833437.09,2025-02-11,E
177,1176,499474.13,2024-07-24,E
178,1177,721818.36,2025-01-13,E
179,1178,901960.6,2025-03-04,E
180,1179,63728.6,2024-06-18,E
181,1180,210339.87,2024-05-25,E
182,1181,980976.59,2025-03-05,E
183,1182,416958.98,2024-07-09,E
184,1183,133553.28,2025-03-25,E
185,1184,750320.63,2024-11-25,E
186,1185,726456.03,2024-10-18,E
187,1186,291253.91,2024-05-05,E
188,1187,24945.54,2025-03-18,E
189,1188,385962.79,2024-08-20,E
190,1189,728543.55,2024-10-14,E
191,1190,168476.99,2025-01-29,E
192,1191,261892.23,2025-01-25,E
193,1192,334018.81,2024-11-12,E
194,1193,299911.13,2025-01-10,E
195,1194,165228.94,2024-10-16,E
196,1195,551963.69,2024-07-10,E
197,1196,665851.71,2024-06-03,E
198,1197,728044.7,2024-07-08,E
199,1198,889920.86,2024-07-04,E
200,1199,995439.29,2024-07-09,E
201,1200,627308.81,2024-05-10,E
202,1201,972927.37,2024-07-05,E
203,1202,383607.52,2025-04-17,E
204,1203,45245.75,2024-07-14,E
205,1204,824599.16,2024-09-10,E
206,1205,279960.3,2024-11-03,E
207,1206,634711.75,2025-03-29,E
208,1207,980524.86,2024-12-18,E
209,1208,366925.99,2025-01-06,E
210,1209,570591.39,2025-03-07,E
211,1210,307522.46,2024-07-09,E
212,1211,399351.98,2024-10-13,E
213,1212,503048.81,2025-01-18,E
214,1213,801215.45,2025-01-04,E
215,1214,132829.75,2024-08-23,E
216,1215,821764.51,2024-11-26,E
217,1216,53568.51,2024-12-26,E
218,1217,796794.69,2024-12-20,E
219,1218,900099.59,2025-01-24,E
220,1219,622340.09,2024-06-05,E
221,1220,519071.51,2025-02-09,E
222,1221,340878.79,2024-08-25,E
223,1222,482065.11,2024-11-24,E
224,1223,521746.67,2024-12-16,E
225,1224,906686.89,2025-03-26,E
226,1225,189299.36,2024-06-07,E
227,1226,272239.41,2025-02-14,E
228,1227,287197.97,2024-04-28,E
229,1228,412254.96,2025-03-27,E
230,1229,663079.74,2024-11-04,E
231,1230,996725.76,2024-08-30,E
232,1231,901409.65,2025-02-13,E
233,1232,833816.46,2024-09-03,E
234,1233,912600.84,2024-12-29,E
235,1234,989959.02,2024-07-13,E
236,1235,817507.69,2025-02-21,E
237,1236,256007.56,2024-12-17,E
238,1237,87770.92,2024-05-24,E
239,1238,747465.66,2024-11-08,E
240,1239,780518.99,2025-03-06,E
241,1240,452729.62,2024-12-19,E
242,1241,686575.47,2024-07-18,E
243,1242,754180.58,2024-06-23,E
244,1243,459406.22,2024-06-16,E
245,1244,864281.86,2025-01-01,E
246,1245,635418.65,2024-07-09,E
247,1246,822224.27,2025-01-25,E
248,1247,646243.62,2024-07-30,E
249,1248,844556.07,2025-03-11,E
250,1249,83277.72,2024-09-04,E
251,1250,252909.23,2025-01-26,E
252,1251,999729.11,2025-01-30,E
253,1252,331144.61,2024-07-30,E
254,1253,644018.85,2024-09-18,E
255,1254,869757.48,2024-11-22,E
256,1255,136142.82,2025-03-18,E
257,1256,158299.31,2024-05-11,E
258,1257,174032.87,2024-10-08,E
259,1258,342135.12,2024-08-25,E
260,1259,87616.27,2024-07-14,E
261,1260,787781.88,2024-12-07,E
262,1261,595021.39,2025-01-26,E
263,1262,96289.13,2024-10-02,E
264,1263,84744.75,2024-06-08,E
265,1264,645768.86,2024-06-06,E
266,1265,307396.08,2025-04-01,E
267,1266,927801.45,2024-10-29,E
268,1267,383839.25,2025-02-24,E
269,1268,785403.95,2025-03-19,E
270,1269,750847.53,2024-05-28,E
271,1270,727697.82,2024-11-20,E
272,1271,680326.25,2024-10-20,E
273,1272,639162.84,2025-01-21,E
274,1273,623365.88,2024-05-01,E
275,1274,523598.05,2024-05-03,E
276,1275,103499.83,2024-09-07,E
277,1276,200161.91,2025-02-10,E
278,1277,186604.79,2024-06-17,E
279,1278,879614.28,2024-06-24,E
280,1279,103787.09,2024-09-01,E
281,1280,52612.22,2024-05-08,E
282,1281,442955.0,2024-09-27,E
283,1282,500908.51,2025-04-14,E
284,1283,770670.39,2024-05-30,E
285,1284,15829.96,2024-12-11,E
286,1285,785310.85,2024-08-04,E
287,1286,700459.93,2024-09-11,E
288,1287,887928.16,2025-02-14,E
289,1288,731575.32,2025-03-23,E
290,1289,837301.94,2025-02-17,E
291,1290,216140.08,2025-02-06,E
292,1291,419910.19,2024-04-17,E
293,1292,676346.29,2024-08-04,E
294,1293,954253.32,2025-01-21,E
295,1294,992130.39,2024-05-25,E
296,1295,608469.11,2024-05-27,E
297,1296,57663.03,2024-09-29,E
298,1297,264409.06,2025-02-04,E
299,1298,44223.65,2025-02-13,E
300,1299,41261.85,2024-12-29,E
301,1300,950117.64,2024-11-23,E
302,1301,304785.79,2025-01-29,E
303,1302,55545.28,2024-11-05,E
304,1303,966840.22,2025-01-10,E
305,1304,910193.44,2024-09-30,E
306,1305,309017.45,2024-08-20,E
307,1306,584582.93,2024-06-28,E
308,1307,630033.13,2024-11-06,E
309,1308,5626.71,2024-11-19,E
310,1309,793123.15,2024-12-13,E
311,1310,518985.45,2025-04-10,E
312,1311,84010.64,2025-03-24,E
313,1312,700299.15,2025-03-02,E
314,1313,789175.5,2024-07-24,E
315,1314,330817.33,2024-10-27,E
316,1315,829517.04,2024-06-12,E
317,1316,719237.17,2024-11-11,E
318,1317,546002.33,2025-03-30,E
319,1318,905493.61,2025-01-09,E
320,1319,616588.52,2024-08-13,E
321,1320,439208.09,2024-12-26,E
322,1321,125292.39,2025-04-06,E
323,1322,737495.65,2024-12-02,E
324,1323,36920.67,2024-08-26,E
325,1324,962293.85,2025-04-04,E
326,1325,64305.57,2024-04-30,E
327,1326,958693.71,2025-02-24,E
328,1327,886936.41,2025-03-08,E
329,1328,912544.38,2024-07-22,E
330,1329,701510.12,2024-12-08,E
331,1330,724827.93,2025-04-01,E
332,1331,590950.61,2024-11-03,E
333,1332,345832.52,2024-12-14,E
334,1333,653883.7,2024-10-30,E
335,1334,656301.89,2024-10-17,E
336,1335,814123.99,2024-11-30,E
337,1336,430747.99,2024-07-30,E
338,1337,294459.5,2025-02-03,E
339,1338,450875.91,2025-03-03,E
340,1339,901119.62,2024-07-04,E
341,1340,855697.15,2025-01-01,E
342,1341,566349.42,2024-09-26,E
343,1342,997096.18,2024-10-09,E
344,1343,165715.96,2025-02-01,E
345,1344,145128.88,2024-06-12,E
346,1345,123723.92,2025-01-29,E
347,1346,659344.97,2024-12-02,E
348,1347,290263.93,2024-07-19,E
349,1348,489255.52,2024-06-30,E
350,1349,842500.93,2025-01-03,E
351,1350,140889.88,2024-06-30,E
352,1351,901095.38,2024-09-23,E
353,1352,639378.55,2024-09-02,E
354,1353,161818.37,2024-06-06,E
355,1354,565326.58,2024-06-26,E
356,1355,432536.03,2025-01-25,E
357,1356,907164.52,2024-09-14,E
358,1357,500076.38,2024-09-15,E
359,1358,674124.72,2024-11-20,E
360,1359,627190.08,2024-10-05,E
361,1360,869181.38,2024-08-07,E
362,1361,23406.31,2024-06-13,E
363,1362,617041.33,2024-09-11,E
364,1363,253252.07,2025-03-08,E
365,1364,544589.51,2024-10-15,E
366,1365,488631.8,2024-09-10,E
367,1366,234070.31,2024-12-22,E
368,1367,797300.81,2024-11-18,E
369,1368,21268.88,2024-07-21,E
370,1369,838968.6,2025-02-03,E
371,1370,773579.04,2024-05-11,E
372,1371,351021.96,2024-11-28,E
373,1372,148832.66,2024-12-03,E
374,1373,947646.24,2024-06-15,E
375,1374,575123.79,2024-10-16,E
376,1375,331372.35,2024-08-19,E
377,1376,398636.89,2024-07-02,E
378,1377,985402.49,2024-09-17,E
379,1378,8054.28,2025-04-12,E
380,1379,248433.45,2025-01-18,E
381,1380,6716.14,2024-06-20,E
382,1381,480489.71,2025-04-07,E
383,1382,341688.09,2025-03-21,E
384,1383,609009.74,2024-08-17,E
385,1384,599030.1,2024-06-21,E
386,1385,859074.34,2025-02-10,E
387,1386,137181.11,2025-04-01,E
388,1387,114938.42,2024-05-04,E
389,1388,823965.18,2024-06-23,E
390,1389,345099.73,2024-09-18,E
391,1390,914099.51,2024-11-23,E
392,1391,764102.82,2024-10-03,E
393,1392,54341.71,2025-02-27,E
394,1393,645352.08,2024-11-21,E
395,1394,879683.65,2024-06-04,E
396,1395,411223.74,2025-03-25,E
397,1396,235663.39,2024-11-06,E
398,1397,140744.75,2025-03-18,E
399,1398,595949.67,2025-02-15,E
400,1399,44865.43,2025-03-28,E
401,1400,154226.15,2024-08-17,E
402,1401,576285.33,2024-08-28,E
403,1402,274776.6,2024-08-05,E
404,1403,600129.0,2024-11-10,E
405,1404,107559.66,2024-11-10,E
406,1405,556856.58,2024-05-04,E
407,1406,794072.93,2025-03-15,E
408,1407,415671.65,2024-05-29,E
409,1408,200824.42,2024-12-08,E
410,1409,592863.96,2025-04-03,E
411,1410,978563.09,2025-03-25,E
412,1411,600701.07,2024-06-15,E
413,1412,746958.38,2024-07-21,E
414,1413,330854.43,2024-05-21,E
415,1414,671385.37,2024-09-19,E
416,1415,929548.95,2025-01-12,E
417,1416,962130.43,2024-07-26,E
418,1417,376451.02,2024-09-24,E
419,1418,707465.88,2024-07-26,E
420,1419,624941.96,2024-08-29,E
421,1420,67633.82,2025-02-12,E
422,1421,679553.5,2024-08-06,E
423,1422,674294.3,2024-09-11,E
424,1423,294840.69,2024-12-03,E
425,1424,258228.39,2024-07-01,E
426,1425,708288.42,2025-04-07,E
427,1426,60663.44,2024-06-29,E
428,1427,104346.06,2025-04-08,E
429,1428,153212.83,2024-09-05,E
430,1429,836350.14,2025-03-03,E
431,1430,615971.7,2024-08-19,E
432,1431,671833.86,2024-11-03,E
433,1432,829769.36,2025-01-06,E
434,1433,443422.84,2024-07-27,E
435,1434,527604.7,2024-09-16,E
436,1435,194940.67,2025-02-10,E
437,1436,113625.06,2024-05-19,E
438,1437,322695.74,2024-10-05,E
439,1438,371971.73,2024-10-31,E
440,1439,502931.33,2024-10-21,E
441,1440,158611.84,2025-02-25,E
442,1441,652535.16,2024-08-26,E
443,1442,518286.98,2025-01-09,E
444,1443,419411.84,2024-11-04,E
445,1444,167270.22,2024-11-26,E
446,1445,928598.33,2024-11-30,E
447,1446,112674.04,2024-10-22,E
448,1447,185725.54,2024-05-24,E
449,1448,352704.53,2025-02-12,E
450,1449,92259.03,2024-10-13,E
451,1450,811221.06,2024-10-09,E
452,1451,66595.02,2024-08-13,E
453,1452,924956.36,2025-04-16,E
454,1453,249743.3,2025-02-20,E
455,1454,937616.13,2024-12-25,E
456,1455,443634.16,2024-04-19,E
457,1456,93639.2,2025-03-09,E
458,1457,805973.23,2025-02-01,E
459,1458,493793.76,2024-11-03,E
460,1459,708815.39,2025-02-15,E
461,1460,334020.04,2025-04-08,E
462,1461,711014.8,2024-09-04,E
463,1462,616450.64,2024-04-27,E
464,1463,913747.26,2024-10-27,E
465,1464,157836.98,2024-09-20,E
466,1465,847041.55,2024-12-30,E
467,1466,877301.46,2025-03-29,E
468,1467,838309.49,2024-08-08,E
469,1468,746157.91,2024-12-20,E
470,1469,19522.35,2024-06-03,E
471,1470,310494.52,2025-04-14,E
472,1471,154317.45,2024-12-06,E
473,1472,306112.59,2024-07-17,E
474,1473,172427.18,2025-03-03,E
475,1474,976015.01,2024-08-16,E
476,1475,179468.99,2024-05-11,E
477,1476,104443.47,2024-10-31,E
478,1477,398545.2,2024-12-31,E
479,1478,29536.81,2025-04-15,E
480,1479,86434.5,2024-08-14,E
481,1480,956803.57,2024-10-10,E
482,1481,329514.97,2025-04-15,E
483,1482,102376.26,2024-10-08,E
484,1483,652445.74,2024-08-11,E
485,1484,466219.98,2024-09-12,E
486,1485,820583.67,2024-11-18,E
487,1486,318639.78,2024-11-08,E
488,1487,432545.03,2024-07-12,E
489,1488,997295.17,2024-06-22,E
490,1489,755477.69,2024-07-17,E
491,1490,81528.16,2024-06-21,E
492,1491,568625.33,2025-03-25,E
493,1492,886929.08,2024-06-06,E
494,1493,659117.31,2024-11-01,E
495,1494,289730.13,2025-01-01,E
496,1495,802011.24,2025-03-26,E
497,1496,71887.32,2025-04-04,E
498,1497,459024.6,2024-11-10,E
499,1498,618343.08,2024-06-30,E
500,1499,882006.59,2025-04-12,E
501,1500,619865.93,2025-02-22,E
502,1501,97625.3,2024-10-10,E
503,1502,66071.24,2024-12-24,E
504,1503,689208.14,2024-07-23,E
505,1504,212338.89,2025-01-11,E
506,1505,496274.88,2025-02-26,E
507,1506,524524.76,2025-04-06,E
508,1507,364350.5,2025-02-23,E
509,1508,238558.0,2024-10-13,E
510,1509,525916.49,2024-12-11,E
511,1510,15149.19,2024-07-26,E
512,1511,224281.07,2025-02-25,E
513,1512,981737.32,2025-02-07,E
514,1513,323613.18,2024-10-02,E
515,1514,983679.75,2024-08-25,E
516,1515,332442.56,2024-09-01,E
517,1516,136906.77,2024-12-27,E
518,1517,469492.31,2024-04-28,E
519,1518,595853.43,2024-11-02,E
520,1519,493033.53,2024-05-06,E
521,1520,300728.36,2025-02-02,E
522,1521,401061.41,2024-08-03,E
523,1522,968199.36,2024-04-27,E
524,1523,761116.78,2024-12-19,E
525,1524,330646.58,2025-01-20,E
526,1525,654775.92,2025-03-13,E
527,1526,948171.32,2024-09-02,E
528,1527,637414.36,2024-05-17,E
529,1528,159735.76,2025-04-16,E
530,1529,638842.39,2024-12-17,E
531,1530,918857.86,2024-06-19,E
532,1531,698821.08,2024-04-28,E
533,1532,999665.94,2024-11-17,E
534,1533,180802.93,2024-04-20,E
535,1534,920072.03,2024-12-07,E
536,1535,10166.73,2024-08-10,E
537,1536,589976.18,2025-03-23,E
538,1537,84412.89,2024-07-18,E
539,1538,609909.72,2024-11-08,E
540,1539,862002.86,2024-06-15,E
541,1540,472496.24,2025-03-17,E
542,1541,149107.99,2024-11-04,E
543,1542,617462.69,2024-06-04,E
544,1543,21777.92,2025-03-10,E
545,1544,454675.81,2025-02-14,E
546,1545,698264.82,2025-03-24,E
547,1546,51482.92,2025-03-30,E
548,1547,151903.51,2024-10-03,E
549,1548,881951.74,2024-06-30,E
550,1549,497883.63,2024-07-15,E
551,1550,957651.0,2024-04-26,E
552,1551,195311.66,2024-11-17,E
553,1552,981780.73,2024-11-18,E
554,1553,577313.88,2025-03-26,E
555,1554,734030.11,2024-09-17,E
556,1555,337286.1,2025-01-15,E
557,1556,625805.31,2024-12-24,E
558,1557,262474.6,2024-05-04,E
559,1558,321114.78,2024-11-19,E
560,1559,703227.04,2025-01-07,E
561,1560,263321.5,2024-07-13,E
562,1561,977716.84,2024-10-05,E
563,1562,965351.88,2025-01-29,E
564,1563,404295.56,2025-02-12,E
565,1564,191152.04,2024-11-15,E
566,1565,5014.37,2024-12-11,E
567,1566,408812.88,2024-06-19,E
568,1567,885483.62,2024-08-13,E
569,1568,656046.34,2024-12-27,E
570,1569,715503.92,2024-10-31,E
571,1570,352966.82,2025-04-13,E
572,1571,825627.74,2024-11-09,E
573,1572,877607.15,2024-06-27,E
574,1573,193275.5,2024-06-17,E
575,1574,895780.34,2025-03-16,E
576,1575,902273.8,2024-09-04,E
577,1576,765338.86,2024-09-10,E
578,1577,497869.96,2024-08-27,E
579,1578,872681.46,2024-06-15,E
580,1579,25453.04,2025-03-20,E
581,1580,148225.12,2025-04-01,E
582,1581,255833.42,2024-06-09,E
583,1582,626396.93,2025-04-10,E
584,1583,793361.69,2024-09-23,E
585,1584,352137.18,2024-09-06,E
586,1585,261548.24,2025-01-20,E
587,1586,287472.67,2024-05-10,E
588,1587,350520.37,2024-09-20,E
589,1588,315980.65,2024-09-27,E
590,1589,177836.95,2024-09-18,E
591,1590,55053.37,2024-05-16,E
592,1591,882422.33,2024-11-12,E
593,1592,800046.79,2025-01-03,E
594,1593,984901.65,2025-03-01,E
595,1594,957904.73,2024-11-24,E
596,1595,847199.96,2024-06-19,E
597,1596,558243.41,2024-06-15,E
598,1597,691159.47,2024-12-27,E
599,1598,285107.62,2025-02-21,E
600,1599,399799.87,2024-12-17,E
601,1600,233216.38,2024-12-28,E
602,1601,486730.88,2024-10-03,E
603,1602,477416.69,2024-10-03,E
604,1603,269013.72,2024-07-20,E
605,1604,169438.46,2025-04-03,E
606,1605,691345.95,2024-07-15,E
607,1606,864251.21,2025-03-06,E
608,1607,893641.49,2025-02-21,E
609,1608,192845.11,2025-04-15,E
610,1609,741991.95,2025-04-03,E
611,1610,395564.46,2024-08-16,E
612,1611,126397.49,2025-04-09,E
613,1612,308390.08,2025-03-29,E
614,1613,234382.31,2024-06-22,E
615,1614,27983.25,2024-09-02,E
616,1615,829477.3,2025-04-11,E
617,1616,821251.23,2024-05-27,E
618,1617,17830.96,2025-01-11,E
619,1618,47797.54,2024-05-31,E
620,1619,669217.01,2024-06-08,E
621,1620,213740.9,2024-08-30,E
622,1621,875175.81,2024-06-05,E
623,1622,994089.52,2024-07-22,E
624,1623,954278.4,2024-11-11,E
625,1624,38543.44,2024-06-10,E
626,1625,254804.27,2024-05-07,E
627,1626,871448.96,2025-01-26,E
628,1627,310786.36,2024-08-15,E
629,1628,475724.81,2024-06-06,E
630,1629,321398.62,2025-03-25,E
631,1630,941182.5,2025-02-16,E
632,1631,147845.74,2024-11-18,E
633,1632,875479.03,2025-02-09,E
634,1633,711099.24,2025-04-12,E
635,1634,776321.57,2024-12-21,E
636,1635,575223.65,2024-09-16,E
637,1636,721119.06,2025-03-31,E
638,1637,198783.05,2025-04-10,E
639,1638,56216.01,2024-12-22,E
640,1639,539533.3,2025-04-12,E
641,1640,672969.73,2025-02-05,E
642,1641,166393.94,2024-05-09,E
643,1642,412515.51,2024-09-04,E
644,1643,453930.83,2024-07-01,E
645,1644,848003.84,2024-06-30,E
646,1645,666303.82,2024-10-08,E
647,1646,636874.54,2024-08-06,E
648,1647,357812.08,2024-07-17,E
649,1648,928902.97,2024-06-17,E
650,1649,222619.01,2024-10-18,E
651,1650,498476.59,2025-01-11,E
652,1651,488194.96,2024-05-11,E
653,1652,467090.28,2024-12-05,E
654,1653,173752.91,2024-08-11,E
655,1654,947887.95,2024-04-18,E
656,1655,753699.2,2024-05-22,E
657,1656,33188.91,2025-04-01,E
658,1657,32955.39,2024-12-03,E
659,1658,647691.35,2024-10-04,E
660,1659,298966.12,2025-02-10,E
661,1660,188408.14,2025-03-17,E
662,1661,289197.35,2024-11-22,E
663,1662,516545.1,2025-04-08,E
664,1663,954765.97,2025-04-01,E
665,1664,500762.05,2024-10-01,E
666,1665,315574.85,2024-06-02,E
667,1666,6439.42,2024-05-15,E
668,1667,993511.96,2025-01-11,E
669,1668,457934.82,2024-07-05,E
670,1669,945609.49,2025-04-01,E
671,1670,651935.95,2024-10-02,E
672,1671,327998.87,2024-12-23,E
673,1672,470349.47,2024-06-30,E
674,1673,60018.39,2024-10-25,E
675,1674,729647.14,2024-08-30,E
676,1675,121078.28,2024-09-24,E
677,1676,96910.29,2024-04-26,E
678,1677,91409.26,2024-10-10,E
679,1678,143567.17,2024-11-26,E
680,1679,532548.78,2024-05-31,E
681,1680,491308.5,2024-08-13,E
682,1681,140597.12,2024-09-16,E
683,1682,880014.87,2024-09-07,E
684,1683,782106.02,2025-04-14,E
685,1684,658128.89,2024-09-20,E
686,1685,122696.58,2024-12-18,E
687,1686,747829.98,2024-10-05,E
688,1687,14779.18,2024-05-01,E
689,1688,24757.97,2025-01-18,E
690,1689,887885.36,2024-05-26,E
691,1690,581902.45,2024-06-20,E
692,1691,120877.05,2024-05-01,E
693,1692,421733.3,2024-08-08,E
694,1693,36082.74,2025-01-29,E
695,1694,132936.44,2024-08-17,E
696,1695,550268.11,2025-04-01,E
697,1696,966635.46,2024-06-06,E
698,1697,112892.72,2024-11-29,E
699,1698,337013.84,2025-03-17,E
700,1699,560573.36,2024-11-27,E
701,1700,541367.92,2025-01-31,E
702,1701,422298.53,2024-09-15,E
703,1702,433450.15,2024-08-06,E
704,1703,965285.71,2025-03-11,E
705,1704,264859.03,2024-04-18,E
706,1705,255606.22,2025-04-17,E
707,1706,281912.43,2024-10-31,E
708,1707,903817.35,2025-03-28,E
709,1708,982394.46,2025-04-12,E
710,1709,205005.16,2024-07-01,E
711,1710,142156.45,2025-01-10,E
712,1711,52258.75,2024-05-01,E
713,1712,818920.62,2024-09-20,E
714,1713,871783.11,2024-11-29,E
715,1714,16981.38,2024-12-09,E
716,1715,416907.96,2024-08-30,E
717,1716,382221.86,2025-02-24,E
718,1717,199679.3,2024-07-01,E
719,1718,195928.67,2025-03-06,E
720,1719,46835.37,2024-07-27,E
721,1720,992886.32,2024-11-03,E
722,1721,580508.13,2024-11-28,E
723,1722,601030.81,2024-06-06,E
724,1723,853759.35,2024-08-23,E
725,1724,169463.77,2024-11-29,E
726,1725,78003.81,2024-06-20,E
727,1726,909879.15,2025-02-24,E
728,1727,895474.02,2024-07-13,E
729,1728,790608.91,2025-01-24,E
730,1729,213467.07,2024-05-02,E
731,1730,580427.53,2024-09-09,E
732,1731,689236.02,2024-11-15,E
733,1732,662082.76,2024-07-30,E
734,1733,500668.09,2024-05-21,E
735,1734,620105.26,2024-11-21,E
736,1735,794272.68,2024-08-22,E
737,1736,965358.46,2024-10-06,E
738,1737,297572.49,2024-10-11,E
739,1738,305067.95,2025-01-04,E
740,1739,798696.08,2024-10-21,E
741,1740,14137.48,2024-07-15,E
742,1741,347719.94,2024-06-05,E
743,1742,99907.99,2024-11-11,E
744,1743,537409.85,2024-12-27,E
745,1744,695903.81,2024-11-20,E
746,1745,276424.44,2024-08-31,E
747,1746,10853.82,2024-11-23,E
748,1747,989362.47,2025-02-19,E
749,1748,487095.91,2024-09-08,E
750,1749,262368.41,2024-04-27,E
751,1750,853405.73,2024-07-20,E
752,1751,598448.74,2024-11-24,E
753,1752,935138.68,2024-11-10,E
754,1753,721823.25,2024-12-01,E
755,1754,692838.08,2024-09-13,E
756,1755,148166.69,2025-04-04,E
757,1756,177092.19,2025-03-21,E
758,1757,688442.22,2025-03-14,E
759,1758,104104.13,2025-01-11,E
760,1759,934329.49,2024-12-23,E
761,1760,990774.44,2025-02-14,E
762,1761,744935.65,2024-05-02,E
763,1762,887325.84,2025-01-26,E
764,1763,869261.52,2025-03-22,E
765,1764,236839.71,2024-12-11,E
766,1765,619898.17,2025-04-14,E
767,1766,400292.39,2024-11-05,E
768,1767,578650.71,2025-01-13,E
769,1768,881032.21,2024-04-24,E
770,1769,288092.85,2024-06-20,E
771,1770,452681.91,2024-09-23,E
772,1771,32708.26,2024-11-10,E
773,1772,167704.7,2024-09-30,E
774,1773,376048.69,2024-08-08,E
775,1774,351016.83,2024-08-27,E
776,1775,249009.04,2024-07-19,E
777,1776,330765.05,2024-06-25,E
778,1777,547884.06,2024-09-19,E
779,1778,43915.11,2024-05-22,E
780,1779,458301.16,2025-01-15,E
781,1780,463063.13,2024-05-30,E
782,1781,308181.13,2024-06-10,E
783,1782,846189.3,2025-01-04,E
784,1783,217827.72,2024-06-02,E
785,1784,176063.67,2025-03-09,E
786,1785,728534.74,2025-03-27,E
787,1786,164431.17,2024-09-17,E
788,1787,760788.2,2024-12-11,E
789,1788,161017.18,2024-11-09,E
790,1789,291271.77,2024-09-17,E
791,1790,415562.66,2024-08-21,E
792,1791,56402.06,2024-12-22,E
793,1792,50898.85,2024-09-08,E
794,1793,461083.25,2025-02-01,E
795,1794,583397.77,2025-01-20,E
796,1795,631129.2,2024-12-07,E
797,1796,508614.16,2024-08-03,E
798,1797,986911.53,2025-03-18,E
799,1798,651904.81,2024-11-27,E
800,1799,486024.68,2025-02-27,E
801,1800,234768.31,2024-06-24,E
802,1801,465609.34,2024-11-20,E
803,1802,525181.97,2024-05-19,E
804,1803,999336.67,2024-06-24,E
805,1804,508522.81,2025-01-03,E
806,1805,608503.29,2024-06-19,E
807,1806,877342.58,2025-03-22,E
808,1807,825950.35,2024-09-18,E
809,1808,968444.79,2024-09-24,E
810,1809,992909.96,2024-07-15,E
811,1810,640441.48,2025-01-10,E
812,1811,565206.9,2024-11-22,E
813,1812,738626.34,2024-09-19,E
814,1813,751307.13,2024-07-27,E
815,1814,220762.16,2024-05-21,E
816,1815,7854.21,2024-07-01,E
817,1816,303755.2,2024-11-22,E
818,1817,955291.86,2024-04-22,E
819,1818,497476.61,2024-06-22,E
820,1819,49060.61,2024-06-12,E
821,1820,122723.03,2025-03-28,E
822,1821,157972.1,2024-12-10,E
823,1822,869447.13,2025-03-19,E
824,1823,504086.77,2025-02-10,E
825,1824,749162.69,2024-06-18,E
826,1825,149281.24,2024-06-16,E
827,1826,619952.36,2025-03-17,E
828,1827,400763.38,2024-04-23,E
829,1828,167186.41,2024-08-12,E
830,1829,667510.91,2024-10-28,E
831,1830,300139.29,2024-09-07,E
832,1831,746527.79,2025-04-09,E
833,1832,411050.07,2024-11-15,E
834,1833,299613.16,2025-01-08,E
835,1834,408212.23,2024-06-25,E
836,1835,753911.07,2024-11-18,E
837,1836,120787.04,2025-01-24,E
838,1837,207743.29,2024-11-21,E
839,1838,331158.38,2024-10-08,E
840,1839,111277.84,2024-08-29,E
841,1840,653600.31,2025-01-17,E
842,1841,277566.2,2024-12-01,E
843,1842,558539.91,2025-01-19,E
844,1843,87341.85,2024-07-19,E
845,1844,409840.23,2024-12-25,E
846,1845,164196.39,2025-01-18,E
847,1846,86291.82,2024-10-11,E
848,1847,9458.65,2024-12-28,E
849,1848,720283.68,2024-06-01,E
850,1849,119993.95,2024-06-10,E
851,1850,293339.32,2025-03-19,E
852,1851,399838.12,2024-06-26,E
853,1852,290768.99,2024-06-15,E
854,1853,88901.67,2024-12-01,E
855,1854,230264.72,2024-05-06,E
856,1855,868861.37,2024-06-16,E
857,1856,783671.75,2024-06-26,E
858,1857,714481.98,2024-08-17,E
859,1858,19380.63,2024-10-26,E
860,1859,106165.53,2024-09-08,E
861,1860,221058.14,2024-12-20,E
862,1861,692829.01,2024-10-09,E
863,1862,270960.06,2024-09-15,E
864,1863,798832.43,2024-11-22,E
865,1864,319513.31,2024-07-17,E
866,1865,663879.73,2024-06-13,E
867,1866,236634.42,2024-04-30,E
868,1867,723653.08,2025-01-25,E
869,1868,785207.65,2024-12-12,E
870,1869,828473.13,2024-10-09,E
871,1870,663351.02,2024-08-17,E
872,1871,196640.95,2024-10-06,E
873,1872,995294.4,2025-03-22,E
874,1873,899063.95,2024-12-30,E
875,1874,983001.65,2024-11-10,E
876,1875,957789.09,2024-05-18,E
877,1876,798583.57,2025-01-10,E
878,1877,913651.63,2025-02-08,E
879,1878,77145.06,2024-10-28,E
880,1879,864758.91,2024-10-12,E
881,1880,531909.1,2024-12-10,E
882,1881,605189.99,2024-06-30,E
883,1882,454740.29,2025-01-14,E
884,1883,472817.42,2025-01-19,E
885,1884,493852.21,2024-12-18,E
886,1885,48770.16,2025-03-02,E
887,1886,812978.72,2024-12-26,E
888,1887,300837.65,2024-07-14,E
889,1888,287429.67,2024-10-18,E
890,1889,448168.0,2024-09-16,E
891,1890,984142.13,2025-03-16,E
892,1891,930118.72,2024-12-24,E
893,1892,567958.42,2024-10-26,E
894,1893,10500.5,2025-04-13,E
895,1894,983253.01,2024-05-26,E
896,1895,732287.34,2025-01-04,E
897,1896,79475.53,2024-11-22,E
898,1897,971646.53,2024-11-09,E
899,1898,643034.69,2024-09-04,E
900,1899,215716.23,2025-04-13,E
901,1900,417749.0,2024-10-22,E
902,1901,586893.28,2024-08-26,E
903,1902,993780.95,2024-09-30,E
904,1903,135046.26,2024-10-10,E
905,1904,923544.38,2024-08-11,E
906,1905,883591.83,2025-02-02,E
907,1906,244590.74,2024-11-22,E
908,1907,190577.82,2024-07-20,E
909,1908,111931.63,2025-02-16,E
910,1909,228766.28,2024-05-27,E
911,1910,356913.42,2024-05-14,E
912,1911,467526.74,2024-11-18,E
913,1912,225963.19,2024-09-05,E
914,1913,142465.13,2025-01-12,E
915,1914,687640.47,2025-01-22,E
916,1915,714853.88,2024-12-11,E
917,1916,732813.08,2024-04-18,E
918,1917,829633.31,2024-12-07,E
919,1918,873977.16,2024-05-20,E
920,1919,200818.05,2024-07-17,E
921,1920,357504.31,2025-01-01,E
922,1921,632211.82,2024-07-12,E
923,1922,909432.6,2025-03-07,E
924,1923,156900.89,2024-10-20,E
925,1924,433076.89,2024-06-30,E
926,1925,476563.85,2024-08-29,E
927,1926,328329.3,2024-06-21,E
928,1927,485489.52,2024-11-27,E
929,1928,628358.62,2024-11-06,E
930,1929,922432.09,2025-01-17,E
931,1930,872806.81,2024-11-18,E
932,1931,135545.29,2025-03-19,E
933,1932,851790.83,2024-09-18,E
934,1933,787634.17,2025-03-02,E
935,1934,841206.44,2024-07-15,E
936,1935,562950.84,2024-05-18,E
937,1936,235956.82,2024-05-04,E
938,1937,986049.48,2024-08-29,E
939,1938,619503.51,2024-05-22,E
940,1939,239649.04,2024-04-18,E
941,1940,659873.84,2025-03-19,E
942,1941,310544.93,2025-02-06,E
943,1942,365537.73,2024-04-21,E
944,1943,146042.03,2024-11-24,E
945,1944,254066.61,2024-05-06,E
946,1945,994937.49,2024-04-20,E
947,1946,680973.39,2024-10-31,E
948,1947,381883.17,2024-06-30,E
949,1948,73429.75,2024-11-18,E
950,1949,755224.5,2025-04-07,E
951,1950,147634.07,2024-12-09,E
952,1951,833654.22,2024-09-15,E
953,1952,724656.8,2024-05-05,E
954,1953,432620.71,2024-12-13,E
955,1954,175917.01,2024-11-26,E
956,1955,821465.91,2024-11-14,E
957,1956,879236.66,2025-01-15,E
958,1957,813358.64,2024-05-16,E
959,1958,978550.41,2024-06-07,E
960,1959,455812.17,2024-06-28,E
961,1960,439769.4,2024-05-23,E
962,1961,816181.57,2024-08-29,E
963,1962,805160.66,2024-10-28,E
964,1963,490452.46,2024-07-21,E
965,1964,59575.02,2024-11-19,E
966,1965,198659.18,2025-04-13,E
967,1966,873458.33,2024-05-19,E
968,1967,461648.4,2024-12-03,E
969,1968,334294.28,2025-04-16,E
970,1969,168808.37,2024-08-06,E
971,1970,674459.09,2025-01-11,E
972,1971,590902.04,2024-09-22,E
973,1972,403786.91,2024-09-11,E
974,1973,597968.1,2024-12-12,E
975,1974,119158.93,2024-05-07,E
976,1975,939012.75,2025-03-16,E
977,1976,815706.26,2024-11-24,E
978,1977,291216.33,2024-11-20,E
979,1978,734497.03,2025-01-23,E
980,1979,415853.24,2025-01-23,E
981,1980,577271.98,2025-03-16,E
982,1981,813386.31,2024-12-11,E
983,1982,906777.03,2024-08-17,E
984,1983,107673.2,2024-07-10,E
985,1984,416514.49,2024-06-04,E
986,1985,558028.38,2024-06-15,E
987,1986,55670.8,2025-01-05,E
988,1987,561243.79,2025-01-10,E
989,1988,433328.36,2024-11-21,E
990,1989,325226.32,2025-04-16,E
991,1990,731817.5,2024-08-22,E
992,1991,880155.05,2024-05-20,E
993,1992,615388.65,2024-08-16,E
994,1993,246058.29,2024-10-24,E
995,1994,462215.55,2025-03-25,E
996,1995,19610.06,2024-11-22,E
997,1996,462459.65,2024-07-18,E
998,1997,540727.74,2024-10-18,E
999,1998,466205.33,2024-12-14,E
1000,1999,705962.78,2024-09-11,E
1001,2000,712291.85,2024-10-07,E
1002,2001,203130.2,2024-09-29,E
1003,2002,52908.35,2024-06-19,E
1004,2003,113486.61,2024-06-02,E
1005,2004,132891.44,2024-12-08,E
1006,2005,363185.54,2024-10-13,E
1007,2006,219974.65,2024-10-01,E
1008,2007,386779.72,2024-04-25,E
1009,2008,540221.23,2024-07-05,E
1010,2009,677984.31,2025-03-02,E
1011,2010,133654.98,2024-10-27,E
1012,2011,25296.16,2024-10-21,E
1013,2012,699440.82,2024-05-12,E
1014,2013,224556.67,2024-11-27,E
1015,2014,58751.51,2024-09-15,E
1016,2015,860387.07,2024-10-17,E
1017,2016,496539.23,2025-01-20,E
1018,2017,141191.01,2025-01-19,E
1019,2018,399888.52,2024-08-25,E
1020,2019,211114.12,2025-02-09,E
1021,2020,740564.02,2024-05-22,E
1022,2021,693822.77,2024-10-07,E
1023,2022,952292.64,2024-09-13,E
1024,2023,675603.26,2025-03-30,E
1025,2024,49969.44,2025-02-27,E
1026,2025,575818.18,2024-07-14,E
1027,2026,815651.66,2024-04-21,E
1028,2027,786319.55,2025-01-08,E
1029,2028,581344.91,2024-07-21,E
1030,2029,688554.55,2025-04-15,E
1031,2030,697113.8,2024-10-05,E
1032,2031,89124.13,2024-05-20,E
1033,2032,570936.02,2024-06-24,E
1034,2033,958595.14,2024-06-19,E
1035,2034,68800.77,2025-03-03,E
1036,2035,942287.47,2024-09-06,E
1037,2036,68762.55,2024-12-31,E
1038,2037,277944.65,2024-09-11,E
1039,2038,841721.09,2025-03-20,E
1040,2039,428290.8,2024-05-23,E
1041,2040,631127.2,2025-02-21,E
1042,2041,901618.38,2025-03-29,E
1043,2042,978969.43,2025-02-22,E
1044,2043,888496.36,2024-10-18,E
1045,2044,715803.7,2024-12-28,E
1046,2045,990698.26,2024-12-02,E
1047,2046,186756.56,2025-04-02,E
1048,2047,133566.92,2024-06-29,E
1049,2048,501642.3,2024-08-19,E
1050,2049,617004.89,2024-12-12,E
1051,2050,947667.08,2025-04-07,E
1052,2051,547925.73,2024-09-28,E
1053,2052,62347.24,2024-06-03,E
1054,2053,12631.08,2024-08-02,E
1055,2054,994397.41,2024-06-09,E
1056,2055,520488.22,2024-11-01,E
1057,2056,429868.3,2024-07-25,E
1058,2057,881337.85,2025-03-05,E
1059,2058,515404.7,2024-09-17,E
1060,2059,320729.09,2024-07-30,E
1061,2060,690173.51,2025-01-06,E
1062,2061,736426.18,2024-10-12,E
1063,2062,635460.65,2024-09-07,E
1064,2063,615205.8,2024-04-19,E
1065,2064,772563.79,2024-07-13,E
1066,2065,403097.51,2025-01-17,E
1067,2066,74401.87,2025-03-28,E
1068,2067,88260.72,2024-05-18,E
1069,2068,76535.62,2024-09-29,E
1070,2069,107418.5,2025-02-14,E
1071,2070,861388.04,2024-10-15,E
1072,2071,430426.73,2024-09-29,E
1073,2072,67800.47,2024-05-28,E
1074,2073,31977.73,2024-08-23,E
1075,2074,316307.53,2024-05-22,E
1076,2075,878040.02,2024-08-10,E
1077,2076,27063.93,2024-06-20,E
1078,2077,755969.44,2024-11-30,E
1079,2078,529977.27,2025-02-25,E
1080,2079,667079.65,2024-11-27,E
1081,2080,61015.62,2024-10-22,E
1082,2081,52129.42,2024-09-19,E
1083,2082,333859.94,2025-02-28,E
1084,2083,825568.54,2024-07-08,E
1085,2084,670835.51,2025-01-17,E
1086,2085,568601.05,2024-06-26,E
1087,2086,593000.4,2024-10-24,E
1088,2087,446036.78,2024-08-09,E
1089,2088,432319.74,2024-09-03,E
1090,2089,155056.47,2025-02-12,E
1091,2090,440751.99,2024-08-26,E
1092,2091,889725.74,2025-03-14,E
1093,2092,749548.28,2024-12-02,E
1094,2093,608103.85,2025-01-05,E
1095,2094,870224.89,2025-02-04,E
1096,2095,570527.75,2025-03-12,E
1097,2096,324192.18,2024-12-30,E
1098,2097,675787.14,2024-07-31,E
1099,2098,240591.95,2024-10-07,E
1100,2099,445705.12,2025-01-03,E
1101,2100,172013.44,2024-10-07,E
1102,2101,955007.12,2025-01-12,E
1103,2102,456596.39,2024-12-15,E
1104,2103,566189.41,2025-02-21,E
1105,2104,890416.02,2024-12-20,E
1106,2105,377210.49,2024-10-30,E
1107,2106,432310.89,2024-07-14,E
1108,2107,227195.27,2024-12-01,E
1109,2108,605784.41,2024-08-18,E
1110,2109,807559.53,2025-01-15,E
1111,2110,15360.99,2024-10-08,E
1112,2111,667117.07,2024-11-26,E
1113,2112,106632.15,2024-12-31,E
1114,2113,903893.27,2025-03-14,E
1115,2114,918378.29,2024-07-10,E
1116,2115,687792.85,2024-06-04,E
1117,2116,265507.32,2025-03-13,E
1118,2117,733998.46,2024-07-14,E
1119,2118,213245.88,2024-10-05,E
1120,2119,244125.48,2025-03-24,E
1121,2120,857828.16,2025-02-05,E
1122,2121,442109.33,2024-06-17,E
1123,2122,618951.3,2024-06-09,E
1124,2123,557433.29,2024-06-22,E
1125,2124,164433.55,2024-06-12,E
1126,2125,542584.31,2025-01-01,E
1127,2126,976245.56,2024-11-20,E
1128,2127,350092.24,2024-10-24,E
1129,2128,976300.74,2024-06-04,E
1130,2129,502116.92,2025-01-01,E
1131,2130,168204.36,2024-09-03,E
1132,2131,285932.68,2024-09-12,E
1133,2132,254998.28,2025-01-30,E
1134,2133,467540.55,2025-01-01,E
1135,2134,836033.89,2024-12-02,E
1136,2135,344162.78,2024-12-10,E
1137,2136,440629.37,2024-10-27,E
1138,2137,814849.19,2024-08-14,E
1139,2138,286616.65,2024-10-18,E
1140,2139,142679.3,2024-05-01,E
1141,2140,837983.79,2024-07-26,E
1142,2141,363769.69,2024-11-20,E
1143,2142,197114.07,2025-03-02,E
1144,2143,401978.79,2024-06-28,E
1145,2144,911320.78,2024-07-18,E
1146,2145,102111.0,2024-05-08,E
1147,2146,856109.19,2024-11-06,E
1148,2147,677301.28,2025-03-17,E
1149,2148,612078.41,2024-07-11,E
1150,2149,71557.46,2024-05-25,E
1151,2150,719126.92,2024-06-03,E
1152,2151,695984.19,2025-02-23,E
1153,2152,555711.94,2024-05-16,E
1154,2153,214255.77,2024-05-22,E
1155,2154,870378.53,2024-06-27,E
1156,2155,728243.83,2024-11-16,E
1157,2156,441545.71,2024-08-19,E
1158,2157,991838.32,2025-04-16,E
1159,2158,548257.55,2024-07-07,E
1160,2159,493021.8,2025-04-02,E
1161,2160,481902.0,2025-04-07,E
1162,2161,362669.81,2025-03-16,E
1163,2162,905417.72,2024-12-27,E
1164,2163,957722.44,2024-12-25,E
1165,2164,117630.42,2024-06-12,E
1166,2165,131135.0,2024-11-22,E
1167,2166,704668.51,2024-07-12,E
1168,2167,31624.84,2025-01-20,E
1169,2168,697740.5,2024-09-03,E
1170,2169,966037.72,2024-11-17,E
1171,2170,420991.04,2024-12-04,E
1172,2171,792290.5,2024-05-13,E
1173,2172,296225.92,2024-08-19,E
1174,2173,20920.74,2024-09-01,E
1175,2174,947614.39,2025-01-31,E
1176,2175,714448.65,2024-05-04,E
1177,2176,294199.29,2025-04-10,E
1178,2177,165653.04,2024-09-06,E
1179,2178,194860.4,2024-08-05,E
1180,2179,446426.6,2024-11-02,E
1181,2180,804513.86,2024-04-25,E
1182,2181,38993.98,2024-11-12,E
1183,2182,950342.36,2024-08-10,E
1184,2183,420286.58,2025-03-05,E
1185,2184,207221.44,2024-07-19,E
1186,2185,201475.49,2024-07-15,E
1187,2186,446718.4,2024-11-03,E
1188,2187,648190.05,2024-12-12,E
1189,2188,63533.93,2024-10-02,E
1190,2189,675148.97,2025-04-11,E
1191,2190,303541.18,2024-12-17,E
1192,2191,764416.07,2025-02-22,E
1193,2192,99648.44,2025-03-21,E
1194,2193,441723.01,2024-07-22,E
1195,2194,40281.6,2025-03-08,E
1196,2195,285151.68,2025-04-06,E
1197,2196,398314.73,2025-02-23,E
1198,2197,643772.07,2024-05-01,E
1199,2198,464625.55,2025-02-20,E
1200,2199,451895.77,2024-08-19,E
1201,2200,394603.66,2024-09-14,E
1202,2201,854002.35,2024-12-16,E
1203,2202,220363.82,2024-05-17,E
1204,2203,234395.59,2024-09-19,E
1205,2204,805199.98,2024-10-19,E
1206,2205,28201.27,2024-10-08,E
1207,2206,626161.4,2025-02-19,E
1208,2207,498127.45,2025-01-25,E
1209,2208,423680.91,2025-02-17,E
1210,2209,110129.47,2024-07-28,E
1211,2210,428845.96,2024-07-29,E
1212,2211,556053.4,2024-08-07,E
1213,2212,783778.5,2024-05-04,E
1214,2213,763953.72,2025-02-26,E
1215,2214,950369.42,2024-07-16,E
1216,2215,836271.78,2025-02-23,E
1217,2216,659377.57,2025-03-01,E
1218,2217,957743.61,2024-04-20,E
1219,2218,914185.26,2024-10-09,E
1220,2219,822029.28,2025-02-28,E
1221,2220,352402.29,2024-05-15,E
1222,2221,71292.62,2024-08-24,E
1223,2222,212228.11,2024-05-12,E
1224,2223,976879.0,2024-06-25,E
1225,2224,610797.07,2024-10-16,E
1226,2225,392463.31,2024-05-29,E
1227,2226,372747.76,2024-11-13,E
1228,2227,812135.64,2024-04-30,E
1229,2228,348168.7,2024-09-02,E
1230,2229,201592.53,2024-05-20,E
1231,2230,264399.87,2025-01-02,E
1232,2231,314320.54,2024-06-23,E
1233,2232,698712.82,2024-05-23,E
1234,2233,624499.12,2024-06-19,E
1235,2234,596985.74,2024-08-08,E
1236,2235,849714.99,2024-10-18,E
1237,2236,401904.3,2025-04-09,E
1238,2237,850119.78,2024-12-27,E
1239,2238,736726.75,2024-12-14,E
1240,2239,23754.77,2024-07-22,E
1241,2240,997595.1,2024-08-20,E
1242,2241,133320.21,2024-06-13,E
1243,2242,789028.72,2024-08-22,E
1244,2243,405981.84,2025-04-17,E
1245,2244,285773.07,2024-10-27,E
1246,2245,701258.21,2024-06-13,E
1247,2246,435650.71,2024-07-11,E
1248,2247,902975.12,2025-01-30,E
1249,2248,465541.51,2025-03-14,E
1250,2249,233635.98,2024-06-27,E
1251,2250,765454.36,2024-05-14,E
1252,2251,229741.58,2024-12-03,E
1253,2252,401044.76,2024-05-22,E
1254,2253,650598.58,2025-01-27,E
1255,2254,979874.31,2025-01-08,E
1256,2255,485883.62,2024-06-24,E
1257,2256,648950.46,2024-10-04,E
1258,2257,923511.01,2024-08-29,E
1259,2258,773911.65,2024-12-24,E
1260,2259,549226.28,2024-06-30,E
1261,2260,29307.28,2024-06-09,E
1262,2261,81550.78,2024-09-08,E
1263,2262,748071.11,2024-12-30,E
1264,2263,637080.52,2024-11-11,E
1265,2264,517539.83,2024-12-27,E
1266,2265,746539.88,2025-03-14,E
1267,2266,695263.21,2024-08-29,E
1268,2267,923872.6,2024-09-23,E
1269,2268,551272.45,2025-01-13,E
1270,2269,630825.6,2025-03-29,E
1271,2270,134083.36,2024-10-13,E
1272,2271,729689.83,2024-11-29,E
1273,2272,202167.38,2025-02-09,E
1274,2273,389476.64,2024-08-24,E
1275,2274,262414.5,2024-08-10,E
1276,2275,792750.75,2024-11-03,E
1277,2276,881762.64,2024-12-03,E
1278,2277,394823.64,2025-02-17,E
1279,2278,449481.97,2024-05-17,E
1280,2279,376450.52,2024-10-04,E
1281,2280,390465.05,2024-07-09,E
1282,2281,892946.75,2025-04-11,E
1283,2282,455122.97,2024-05-30,E
1284,2283,435220.05,2024-07-21,E
1285,2284,998617.0,2025-01-06,E
1286,2285,458643.45,2024-07-27,E
1287,2286,203223.61,2024-11-22,E
1288,2287,618038.86,2024-06-04,E
1289,2288,249539.51,2025-03-25,E
1290,2289,371153.53,2024-12-09,E
1291,2290,172756.04,2025-01-16,E
1292,2291,446719.54,2025-04-13,E
1293,2292,259378.25,2024-06-06,E
1294,2293,44217.77,2024-06-04,E
1295,2294,359190.27,2024-11-07,E
1296,2295,527931.66,2024-11-14,E
1297,2296,423410.18,2024-07-22,E
1298,2297,752115.38,2025-03-03,E
1299,2298,101037.8,2024-06-17,E
1300,2299,712078.85,2025-03-02,E
1301,2300,45614.01,2024-07-26,E
1302,2301,660097.57,2025-01-20,E
1303,2302,321015.85,2025-03-26,E
1304,2303,399322.79,2024-07-20,E
1305,2304,101537.24,2024-05-03,E
1306,2305,231581.15,2024-09-16,E
1307,2306,566158.37,2025-03-12,E
1308,2307,768624.23,2024-07-13,E
1309,2308,398981.21,2024-04-21,E
1310,2309,502377.5,2025-04-16,E
1311,2310,890990.54,2025-04-01,E
1312,2311,268921.37,2025-01-29,E
1313,2312,186623.55,2024-10-21,E
1314,2313,682905.31,2024-06-15,E
1315,2314,44511.55,2024-11-09,E
1316,2315,864868.36,2024-09-23,E
1317,2316,802706.29,2024-06-06,E
1318,2317,590464.32,2024-09-16,E
1319,2318,955688.87,2024-09-20,E
1320,2319,149292.16,2024-07-29,E
1321,2320,925495.9,2024-08-01,E
1322,2321,7980.51,2024-10-28,E
1323,2322,190027.03,2024-05-17,E
1324,2323,26739.22,2024-11-14,E
1325,2324,471823.36,2025-01-30,E
1326,2325,979309.86,2024-07-06,E
1327,2326,173066.39,2024-05-06,E
1328,2327,919131.42,2024-09-03,E
1329,2328,166251.4,2024-12-11,E
1330,2329,308894.08,2024-11-13,E
1331,2330,712347.39,2025-03-08,E
1332,2331,831397.23,2024-09-15,E
1333,2332,772391.44,2024-12-05,E
1334,2333,919436.6,2024-12-10,E
1335,2334,491419.63,2024-09-10,E
1336,2335,618041.24,2024-10-17,E
1337,2336,544508.8,2024-09-21,E
1338,2337,131525.61,2025-02-28,E
1339,2338,764417.67,2024-09-08,E
1340,2339,283978.88,2024-09-26,E
1341,2340,416830.21,2025-01-17,E
1342,2341,78730.76,2025-03-14,E
1343,2342,724133.48,2025-02-19,E
1344,2343,888968.52,2024-07-06,E
1345,2344,583632.45,2024-07-02,E
1346,2345,895693.52,2024-11-09,E
1347,2346,449408.57,2025-03-07,E
1348,2347,761080.23,2024-08-26,E
1349,2348,927682.95,2024-10-23,E
1350,2349,93921.11,2025-01-19,E
1351,2350,374084.94,2025-03-22,E
1352,2351,186371.29,2024-12-14,E
1353,2352,245376.17,2025-03-07,E
1354,2353,841732.38,2024-10-17,E
1355,2354,778559.09,2024-08-22,E
1356,2355,400777.18,2025-03-10,E
1357,2356,7978.26,2024-07-01,E
1358,2357,242925.04,2024-05-25,E
1359,2358,224970.64,2024-12-17,E
1360,2359,950622.59,2024-08-03,E
1361,2360,691242.21,2024-08-01,E
1362,2361,841378.48,2024-10-23,E
1363,2362,483700.14,2024-08-07,E
1364,2363,616967.79,2024-06-18,E
1365,2364,341627.2,2024-07-04,E
1366,2365,834587.87,2025-03-03,E
1367,2366,980500.1,2024-10-28,E
1368,2367,319342.59,2025-03-19,E
1369,2368,815986.98,2024-12-17,E
1370,2369,714035.48,2024-12-14,E
1371,2370,616407.98,2024-11-23,E
1372,2371,421669.9,2025-03-05,E
1373,2372,225750.55,2024-04-21,E
1374,2373,312497.42,2025-03-06,E
1375,2374,309668.27,2024-06-10,E
1376,2375,764107.45,2024-07-28,E
1377,2376,819196.67,2024-11-02,E
1378,2377,926514.17,2025-02-03,E
1379,2378,616824.05,2025-02-20,E
1380,2379,365337.9,2024-11-13,E
1381,2380,64807.9,2024-10-08,E
1382,2381,590576.64,2024-10-29,E
1383,2382,94365.08,2024-06-26,E
1384,2383,967891.75,2024-08-16,E
1385,2384,608962.58,2025-01-14,E
1386,2385,128199.75,2025-03-31,E
1387,2386,533803.05,2025-03-16,E
1388,2387,927979.58,2024-09-22,E
1389,2388,794441.29,2025-04-12,E
1390,2389,460144.22,2025-03-31,E
1391,2390,95079.04,2024-12-20,E
1392,2391,700329.81,2024-08-13,E
1393,2392,938453.99,2024-07-24,E
1394,2393,650842.21,2024-11-27,E
1395,2394,383526.39,2024-05-06,E
1396,2395,856520.39,2025-01-01,E
1397,2396,860863.87,2025-01-21,E
1398,2397,526936.34,2024-06-18,E
1399,2398,427735.37,2024-07-23,E
1400,2399,339278.28,2024-07-19,E
1401,2400,584331.88,2024-05-18,E
1402,2401,517513.32,2024-05-05,E
1403,2402,929889.1,2024-08-31,E
1404,2403,797822.65,2024-06-02,E
1405,2404,800483.8,2024-06-23,E
1406,2405,364983.81,2025-02-16,E
1407,2406,82126.76,2025-02-11,E
1408,2407,490476.93,2024-09-08,E
1409,2408,919451.4,2025-02-16,E
1410,2409,357943.29,2024-04-26,E
1411,2410,549981.68,2025-03-11,E
1412,2411,147258.54,2024-08-29,E
1413,2412,379749.45,2024-05-07,E
1414,2413,144992.28,2024-12-09,E
1415,2414,695666.23,2024-05-14,E
1416,2415,332020.71,2025-03-16,E
1417,2416,152968.58,2025-01-21,E
1418,2417,342116.27,2024-10-13,E
1419,2418,123895.48,2024-07-29,E
1420,2419,147891.95,2024-04-28,E
1421,2420,482767.01,2024-12-06,E
1422,2421,403150.71,2025-02-12,E
1423,2422,595251.98,2024-08-26,E
1424,2423,835264.08,2024-11-07,E
1425,2424,793790.71,2024-12-21,E
1426,2425,60146.27,2024-09-13,E
1427,2426,871512.12,2024-08-30,E
1428,2427,737332.64,2024-07-19,E
1429,2428,936334.18,2024-09-28,E
1430,2429,997216.3,2024-08-17,E
1431,2430,862512.66,2024-11-29,E
1432,2431,351865.14,2024-07-13,E
1433,2432,535485.11,2024-07-18,E
1434,2433,32579.81,2025-01-24,E
1435,2434,318046.74,2025-01-09,E
1436,2435,582729.91,2024-07-16,E
1437,2436,363057.78,2024-06-11,E
1438,2437,809187.39,2024-08-18,E
1439,2438,128213.77,2025-02-22,E
1440,2439,574172.89,2024-12-15,E
1441,2440,157613.27,2024-10-05,E
1442,2441,861664.99,2024-10-01,E
1443,2442,193015.83,2024-12-20,E
1444,2443,539547.21,2025-02-19,E
1445,2444,757219.33,2025-03-15,E
1446,2445,617948.96,2024-04-21,E
1447,2446,465224.11,2024-12-03,E
1448,2447,799267.45,2024-09-21,E
1449,2448,475463.07,2025-01-12,E
1450,2449,573653.58,2025-02-09,E
1451,2450,744348.65,2024-05-31,E
1452,2451,733976.46,2025-02-14,E
1453,2452,483958.13,2024-07-29,E
1454,2453,232077.65,2024-12-29,E
1455,2454,760631.54,2024-09-20,E
1456,2455,617971.0,2024-05-18,E
1457,2456,92351.01,2024-06-10,E
1458,2457,266428.36,2024-07-03,E
1459,2458,711541.13,2024-05-20,E
1460,2459,862993.95,2024-12-01,E
1461,2460,192786.77,2024-12-10,E
1462,2461,129124.53,2025-01-09,E
1463,2462,170553.23,2024-12-13,E
1464,2463,188493.06,2025-01-28,E
1465,2464,515959.41,2024-10-20,E
1466,2465,867605.58,2024-10-17,E
1467,2466,193616.36,2024-10-15,E
1468,2467,360388.15,2025-02-27,E
1469,2468,155538.88,2024-11-23,E
1470,2469,693124.38,2024-09-23,E
1471,2470,372755.8,2025-03-04,E
1472,2471,348287.01,2024-12-08,E
1473,2472,111079.34,2024-07-01,E
1474,2473,602869.15,2024-09-06,E
1475,2474,14877.49,2024-07-27,E
1476,2475,537772.83,2025-03-17,E
1477,2476,153011.68,2024-12-28,E
1478,2477,919755.98,2025-03-11,E
1479,2478,122808.67,2024-09-18,E
1480,2479,555493.03,2024-05-30,E
1481,2480,408908.67,2024-08-29,E
1482,2481,188986.72,2024-10-24,E
1483,2482,101419.78,2024-10-28,E
1484,2483,952384.52,2024-08-24,E
1485,2484,805233.74,2024-12-19,E
1486,2485,251508.25,2024-08-21,E
1487,2486,942842.75,2024-08-29,E
1488,2487,628241.0,2024-08-12,E
1489,2488,388648.21,2025-03-28,E
1490,2489,107257.02,2024-08-23,E
1491,2490,964447.94,2025-03-25,E
1492,2491,195313.56,2025-02-19,E
1493,2492,273762.35,2024-08-20,E
1494,2493,747916.46,2024-05-30,E
1495,2494,576594.17,2024-05-07,E
1496,2495,9349.98,2024-11-21,E
1497,2496,844387.32,2024-12-17,E
1498,2497,480115.4,2024-05-29,E
1499,2498,924767.53,2025-03-24,E
1500,2499,187577.63,2024-09-08,E
1501,2500,772650.82,2024-12-09,E
1502,2501,426978.53,2024-09-21,E
1503,2502,555589.05,2025-01-30,E
1504,2503,951881.34,2024-12-31,E
1505,2504,590248.94,2024-08-12,E
1506,2505,211451.23,2025-03-06,E
1507,2506,733890.88,2024-08-01,E
1508,2507,905772.94,2024-05-28,E
1509,2508,309425.45,2024-12-26,E
1510,2509,896000.05,2024-11-15,E
1511,2510,603924.77,2025-03-21,E
1512,2511,801963.12,2024-05-25,E
1513,2512,192846.07,2024-09-21,E
1514,2513,457412.04,2024-09-15,E
1515,2514,324825.82,2025-02-01,E
1516,2515,303865.24,2025-01-02,E
1517,2516,934278.26,2025-01-24,E
1518,2517,901207.11,2024-09-24,E
1519,2518,743339.29,2024-07-21,E
1520,2519,158749.71,2024-10-25,E
1521,2520,403055.23,2024-12-07,E
1522,2521,943012.27,2024-10-19,E
1523,2522,682927.91,2024-10-17,E
1524,2523,986293.76,2025-02-12,E
1525,2524,894922.7,2025-02-19,E
1526,2525,12388.66,2024-04-30,E
1527,2526,939788.48,2025-04-03,E
1528,2527,825518.86,2024-10-21,E
1529,2528,494894.94,2025-01-02,E
1530,2529,767222.87,2024-05-26,E
1531,2530,716544.31,2025-02-02,E
1532,2531,181876.07,2024-09-19,E
1533,2532,984415.23,2024-12-30,E
1534,2533,572163.96,2024-12-28,E
1535,2534,13250.57,2024-11-10,E
1536,2535,244478.19,2024-10-29,E
1537,2536,243536.09,2025-03-06,E
1538,2537,659664.02,2024-10-14,E
1539,2538,741921.14,2025-04-05,E
1540,2539,669840.55,2025-03-02,E
1541,2540,955019.17,2025-01-10,E
1542,2541,974368.02,2024-07-13,E
1543,2542,93860.88,2025-03-23,E
1544,2543,322988.23,2025-04-13,E
1545,2544,503488.32,2024-09-27,E
1546,2545,279821.37,2024-07-14,E
1547,2546,377462.76,2024-06-09,E
1548,2547,250124.85,2025-02-24,E
1549,2548,465905.59,2024-08-10,E
1550,2549,392936.25,2025-04-06,E
1551,2550,899589.75,2024-09-07,E
1552,2551,819632.4,2024-10-09,E
1553,2552,434654.03,2024-12-23,E
1554,2553,126030.18,2024-11-03,E
1555,2554,533680.14,2025-01-29,E
1556,2555,18642.89,2024-08-04,E
1557,2556,275693.75,2024-07-13,E
1558,2557,44129.22,2025-03-17,E
1559,2558,119793.71,2025-01-19,E
1560,2559,601846.29,2025-02-22,E
1561,2560,975927.05,2025-01-13,E
1562,2561,511562.8,2024-10-29,E
1563,2562,105871.78,2025-01-04,E
1564,2563,114097.43,2024-10-23,E
1565,2564,344579.49,2025-02-18,E
1566,2565,261556.04,2024-04-23,E
1567,2566,873247.85,2024-10-09,E
1568,2567,851481.3,2024-10-27,E
1569,2568,216175.47,2024-04-20,E
1570,2569,693733.49,2024-07-15,E
1571,2570,903534.53,2024-07-08,E
1572,2571,491393.51,2024-08-01,E
1573,2572,936743.2,2024-10-21,E
1574,2573,229652.03,2024-06-01,E
1575,2574,138685.12,2024-05-27,E
1576,2575,641653.5,2024-09-13,E
1577,2576,760254.62,2025-01-29,E
1578,2577,520387.1,2025-02-24,E
1579,2578,936067.64,2025-04-02,E
1580,2579,480225.74,2024-10-11,E
1581,2580,160074.17,2024-07-04,E
1582,2581,346739.36,2025-02-05,E
1583,2582,227253.99,2025-01-23,E
1584,2583,203521.02,2024-09-05,E
1585,2584,790303.83,2024-12-31,E
1586,2585,642381.27,2024-07-20,E
1587,2586,63405.83,2024-11-02,E
1588,2587,255330.61,2024-05-22,E
1589,2588,423357.41,2025-02-24,E
1590,2589,384576.0,2024-11-07,E
1591,2590,878064.83,2024-07-21,E
1592,2591,731376.54,2024-08-29,E
1593,2592,182945.48,2025-02-02,E
1594,2593,898453.14,2024-08-28,E
1595,2594,137716.13,2024-10-18,E
1596,2595,566795.73,2024-11-10,E
1597,2596,327810.51,2024-05-11,E
1598,2597,563308.26,2024-06-05,E
1599,2598,219413.2,2024-11-28,E
1600,2599,631894.53,2024-10-05,E
1601,2600,847417.6,2024-10-10,E
1602,2601,51946.34,2024-05-19,E
1603,2602,470626.64,2024-09-06,E
1604,2603,163131.53,2024-07-28,E
1605,2604,890015.81,2025-01-14,E
1606,2605,886275.48,2024-11-18,E
1607,2606,416296.47,2024-11-08,E
1608,2607,847491.07,2024-11-13,E
1609,2608,198409.82,2024-08-14,E
1610,2609,444535.68,2024-04-26,E
1611,2610,777724.78,2025-04-11,E
1612,2611,85772.26,2025-01-12,E
1613,2612,905621.45,2024-12-12,E
1614,2613,250795.9,2024-10-03,E
1615,2614,557106.77,2025-01-11,E
1616,2615,306564.95,2025-03-31,E
1617,2616,107301.24,2025-03-01,E
1618,2617,330050.95,2024-04-30,E
1619,2618,439565.23,2024-12-20,E
1620,2619,261939.66,2024-06-21,E
1621,2620,169104.0,2024-08-12,E
1622,2621,529831.57,2024-05-27,E
1623,2622,534078.13,2024-10-14,E
1624,2623,292161.83,2024-09-01,E
1625,2624,165807.05,2025-02-21,E
1626,2625,721631.11,2024-12-28,E
1627,2626,16207.43,2025-02-16,E
1628,2627,614220.07,2024-07-11,E
1629,2628,194662.0,2024-09-01,E
1630,2629,260038.7,2024-05-10,E
1631,2630,769999.89,2024-11-06,E
1632,2631,48941.32,2024-06-14,E
1633,2632,840065.28,2025-02-10,E
1634,2633,811365.03,2024-08-13,E
1635,2634,330109.35,2024-09-29,E
1636,2635,84639.7,2024-08-26,E
1637,2636,339227.7,2024-05-01,E
1638,2637,811811.75,2024-12-31,E
1639,2638,154649.61,2025-03-11,E
1640,2639,975441.1,2024-11-04,E
1641,2640,880908.13,2024-07-03,E
1642,2641,493795.43,2024-10-02,E
1643,2642,255204.22,2024-08-27,E
1644,2643,684646.2,2024-10-09,E
1645,2644,265364.0,2024-06-17,E
1646,2645,413145.34,2024-12-29,E
1647,2646,96706.29,2024-10-26,E
1648,2647,542327.15,2024-11-08,E
1649,2648,550894.67,2024-10-09,E
1650,2649,374536.86,2024-11-09,E
1651,2650,464063.92,2025-01-02,E
1652,2651,302614.86,2024-12-09,E
1653,2652,571773.7,2025-02-21,E
1654,2653,548428.03,2024-10-18,E
1655,2654,454370.73,2024-10-05,E
1656,2655,504670.46,2024-05-21,E
1657,2656,273309.09,2024-12-09,E
1658,2657,588422.66,2024-10-04,E
1659,2658,113354.11,2025-03-08,E
1660,2659,766569.19,2024-06-27,E
1661,2660,175273.07,2024-12-08,E
1662,2661,376374.52,2024-05-21,E
1663,2662,413093.6,2024-09-19,E
1664,2663,29402.43,2025-03-22,E
1665,2664,760542.69,2024-05-07,E
1666,2665,505715.87,2024-12-16,E
1667,2666,55329.63,2024-12-23,E
1668,2667,131800.66,2024-09-25,E
1669,2668,972641.19,2024-09-29,E
1670,2669,295430.92,2025-02-02,E
1671,2670,87846.13,2024-07-21,E
1672,2671,833001.17,2024-06-30,E
1673,2672,760373.52,2025-03-16,E
1674,2673,109446.0,2025-04-04,E
1675,2674,330657.32,2024-08-21,E
1676,2675,225792.98,2024-08-08,E
1677,2676,577863.99,2024-12-19,E
1678,2677,695469.69,2024-08-27,E
1679,2678,778617.03,2024-05-29,E
1680,2679,999845.85,2025-02-08,E
1681,2680,567837.56,2024-09-11,E
1682,2681,172263.05,2024-09-09,E
1683,2682,413669.09,2025-02-21,E
1684,2683,794526.47,2025-04-13,E
1685,2684,654008.67,2024-09-07,E
1686,2685,350187.22,2025-01-29,E
1687,2686,665876.79,2024-09-27,E
1688,2687,265822.48,2024-05-09,E
1689,2688,938629.27,2024-10-14,E
1690,2689,202094.5,2024-12-20,E
1691,2690,725471.68,2025-03-11,E
1692,2691,169112.36,2025-02-16,E
1693,2692,100955.34,2024-08-16,E
1694,2693,596954.61,2024-06-12,E
1695,2694,122209.88,2024-06-14,E
1696,2695,174599.18,2025-02-11,E
1697,2696,601256.67,2025-01-27,E
1698,2697,146473.83,2024-11-26,E
1699,2698,372395.89,2025-01-31,E
1700,2699,691933.51,2024-10-15,E
1701,2700,257166.74,2024-11-20,E
1702,2701,606959.13,2024-08-02,E
1703,2702,243714.7,2024-06-15,E
1704,2703,223495.14,2024-07-20,E
1705,2704,127543.44,2024-07-21,E
1706,2705,315303.27,2025-01-10,E
1707,2706,254081.02,2024-11-07,E
1708,2707,280910.57,2025-01-30,E
1709,2708,687249.53,2024-08-04,E
1710,2709,96836.14,2025-04-17,E
1711,2710,898185.29,2025-01-01,E
1712,2711,435337.53,2024-10-06,E
1713,2712,340364.54,2024-09-16,E
1714,2713,48086.85,2024-10-05,E
1715,2714,170712.97,2025-04-14,E
1716,2715,813302.65,2025-01-05,E
1717,2716,856314.78,2025-01-19,E
1718,2717,168781.39,2025-02-05,E
1719,2718,780299.22,2024-08-28,E
1720,2719,349914.92,2024-10-02,E
1721,2720,742895.61,2024-10-21,E
1722,2721,615540.05,2024-09-27,E
1723,2722,436950.46,2024-08-25,E
1724,2723,430602.4,2024-08-18,E
1725,2724,23550.4,2024-08-11,E
1726,2725,751701.82,2024-05-10,E
1727,2726,165262.06,2025-02-05,E
1728,2727,963965.44,2025-01-08,E
1729,2728,424676.5,2024-09-07,E
1730,2729,522048.05,2025-01-31,E
1731,2730,69850.63,2025-01-13,E
1732,2731,881222.53,2025-04-07,E
1733,2732,873460.93,2024-09-23,E
1734,2733,502013.01,2024-10-05,E
1735,2734,270210.2,2024-05-13,E
1736,2735,36623.41,2024-11-07,E
1737,2736,441799.27,2024-11-15,E
1738,2737,808819.45,2024-07-01,E
1739,2738,98839.52,2024-10-01,E
1740,2739,966999.62,2025-04-03,E
1741,2740,157533.68,2024-05-28,E
1742,2741,937519.62,2025-04-17,E
1743,2742,939440.35,2024-06-13,E
1744,2743,327759.81,2024-04-29,E
1745,2744,389593.03,2025-04-15,E
1746,2745,210233.41,2024-09-09,E
1747,2746,812854.04,2024-11-27,E
1748,2747,974306.1,2025-02-28,E
1749,2748,715437.23,2024-04-28,E
1750,2749,967444.12,2025-03-10,E
1751,2750,442202.55,2024-11-13,E
1752,2751,883477.44,2024-12-31,E
1753,2752,172798.81,2024-05-28,E
1754,2753,793962.17,2024-09-03,E
1755,2754,489800.82,2025-04-07,E
1756,2755,803198.52,2024-10-20,E
1757,2756,727829.17,2025-02-22,E
1758,2757,431630.9,2024-06-27,E
1759,2758,315992.67,2024-04-20,E
1760,2759,547991.72,2024-08-01,E
1761,2760,52310.0,2025-01-04,E
1762,2761,297299.4,2024-05-10,E
1763,2762,607947.61,2024-12-26,E
1764,2763,378180.96,2024-12-09,E
1765,2764,458940.31,2024-09-13,E
1766,2765,153285.6,2024-08-23,E
1767,2766,337446.0,2024-07-06,E
1768,2767,782877.07,2024-06-21,E
1769,2768,98042.13,2025-03-19,E
1770,2769,722935.34,2024-12-29,E
1771,2770,75610.43,2024-09-18,E
1772,2771,611879.08,2025-04-17,E
1773,2772,366882.55,2024-09-14,E
1774,2773,464671.83,2024-08-06,E
1775,2774,61614.37,2024-04-22,E
1776,2775,419298.48,2024-10-18,E
1777,2776,250715.48,2025-04-13,E
1778,2777,426821.82,2024-11-18,E
1779,2778,708581.45,2025-02-15,E
1780,2779,109612.93,2025-03-23,E
1781,2780,168954.12,2024-10-13,E
1782,2781,569830.1,2024-07-05,E
1783,2782,906788.55,2024-09-23,E
1784,2783,96764.35,2024-07-12,E
1785,2784,402864.66,2024-11-28,E
1786,2785,617210.49,2024-07-18,E
1787,2786,654871.69,2025-03-09,E
1788,2787,350913.9,2024-09-07,E
1789,2788,991334.49,2024-05-05,E
1790,2789,181412.27,2024-10-29,E
1791,2790,180950.64,2025-04-01,E
1792,2791,147112.14,2024-07-20,E
1793,2792,532654.24,2024-12-16,E
1794,2793,604862.22,2024-08-17,E
1795,2794,457887.79,2024-04-26,E
1796,2795,180478.15,2024-11-10,E
1797,2796,668856.1,2024-04-27,E
1798,2797,75683.77,2025-01-23,E
1799,2798,427063.96,2025-01-01,E
1800,2799,266016.62,2024-06-26,E
1801,2800,400427.82,2024-07-31,E
1802,2801,419675.35,2025-01-27,E
1803,2802,136573.58,2024-08-07,E
1804,2803,922930.84,2025-02-08,E
1805,2804,910437.65,2025-04-15,E
1806,2805,731391.14,2024-10-20,E
1807,2806,206767.32,2024-12-13,E
1808,2807,748357.1,2024-06-12,E
1809,2808,972747.89,2024-10-19,E
1810,2809,620394.56,2025-03-18,E
1811,2810,74106.47,2024-11-03,E
1812,2811,931669.3,2024-11-01,E
1813,2812,139521.53,2024-10-06,E
1814,2813,181221.35,2025-03-24,E
1815,2814,779142.66,2025-01-22,E
1816,2815,548087.79,2025-03-13,E
1817,2816,342683.43,2024-07-10,E
1818,2817,420688.76,2024-07-19,E
1819,2818,830178.41,2024-08-20,E
1820,2819,882888.24,2024-08-16,E
1821,2820,331624.66,2024-08-07,E
1822,2821,184640.34,2024-11-28,E
1823,2822,676476.0,2024-09-04,E
1824,2823,979760.37,2024-06-03,E
1825,2824,560235.57,2024-06-25,E
1826,2825,211922.83,2024-04-25,E
1827,2826,646517.35,2024-07-28,E
1828,2827,870374.05,2025-03-27,E
1829,2828,135893.62,2024-12-21,E
1830,2829,38167.24,2024-08-07,E
1831,2830,945489.1,2024-09-26,E
1832,2831,465143.24,2024-10-20,E
1833,2832,487683.48,2025-01-17,E
1834,2833,827468.13,2024-07-30,E
1835,2834,89549.69,2024-06-28,E
1836,2835,580319.25,2024-07-31,E
1837,2836,465980.28,2024-08-17,E
1838,2837,420192.71,2025-01-23,E
1839,2838,101641.21,2024-11-21,E
1840,2839,945534.7,2025-01-27,E
1841,2840,51425.81,2024-04-18,E
1842,2841,701979.09,2024-07-23,E
1843,2842,261298.79,2025-02-04,E
1844,2843,904485.66,2024-07-03,E
1845,2844,645537.43,2024-06-24,E
1846,2845,939992.07,2024-05-02,E
1847,2846,975680.59,2024-10-08,E
1848,2847,752834.25,2024-08-19,E
1849,2848,830573.37,2024-11-09,E
1850,2849,77350.31,2025-02-18,E
1851,2850,791456.01,2024-12-30,E
1852,2851,122043.45,2025-02-06,E
1853,2852,403992.58,2024-08-04,E
1854,2853,661515.19,2024-07-03,E
1855,2854,834277.59,2025-03-08,E
1856,2855,146312.24,2025-03-02,E
1857,2856,235779.87,2024-06-15,E
1858,2857,701986.54,2024-09-26,E
1859,2858,600232.45,2024-05-05,E
1860,2859,936800.35,2024-11-01,E
1861,2860,650003.48,2024-11-06,E
1862,2861,98795.5,2024-08-25,E
1863,2862,820812.04,2024-11-26,E
1864,2863,778767.37,2025-04-14,E
1865,2864,940883.49,2024-05-05,E
1866,2865,275561.42,2024-09-24,E
1867,2866,510681.47,2024-06-19,E
1868,2867,330124.68,2024-06-27,E
1869,2868,454071.06,2024-10-29,E
1870,2869,627963.18,2025-03-25,E
1871,2870,400673.95,2025-03-02,E
1872,2871,215196.18,2024-08-12,E
1873,2872,551981.26,2024-07-31,E
1874,2873,800525.8,2024-11-01,E
1875,2874,905268.08,2024-05-24,E
1876,2875,328411.94,2025-03-14,E
1877,2876,247406.04,2024-12-22,E
1878,2877,312413.65,2025-02-16,E
1879,2878,354194.78,2024-07-18,E
1880,2879,796901.98,2024-11-24,E
1881,2880,145688.71,2025-01-28,E
1882,2881,65014.26,2024-07-16,E
1883,2882,5871.55,2024-11-26,E
1884,2883,855897.32,2024-12-03,E
1885,2884,712033.52,2024-08-08,E
1886,2885,171901.45,2024-05-01,E
1887,2886,198255.0,2025-01-03,E
1888,2887,784237.81,2024-04-18,E
1889,2888,181289.25,2024-10-25,E
1890,2889,28330.65,2024-04-25,E
1891,2890,699863.46,2024-07-19,E
1892,2891,870350.95,2024-09-22,E
1893,2892,909683.37,2025-01-18,E
1894,2893,339060.46,2025-01-01,E
1895,2894,256986.72,2025-03-30,E
1896,2895,789240.46,2024-07-14,E
1897,2896,495331.67,2024-05-01,E
1898,2897,933742.51,2024-06-25,E
1899,2898,205699.0,2024-08-24,E
1900,2899,277270.0,2024-08-14,E
1901,2900,952893.12,2024-11-29,E
1902,2901,263474.8,2024-04-21,E
1903,2902,310802.97,2024-06-19,E
1904,2903,242159.59,2024-12-21,E
1905,2904,430759.05,2025-04-03,E
1906,2905,821650.79,2025-03-24,E
1907,2906,768265.35,2024-08-28,E
1908,2907,6727.3,2024-10-13,E
1909,2908,120207.72,2024-08-21,E
1910,2909,551344.39,2024-04-21,E
1911,2910,86232.12,2024-05-30,E
1912,2911,718914.84,2024-11-29,E
1913,2912,673682.05,2025-01-22,E
1914,2913,24969.97,2025-01-18,E
1915,2914,546854.94,2024-12-17,E
1916,2915,722427.17,2025-03-11,E
1917,2916,674169.29,2024-07-19,E
1918,2917,660589.92,2024-09-24,E
1919,2918,116873.2,2024-08-15,E
1920,2919,92907.58,2025-02-19,E
1921,2920,203313.12,2024-06-08,E
1922,2921,847743.62,2024-07-11,E
1923,2922,797726.21,2025-01-18,E
1924,2923,537048.62,2025-01-20,E
1925,2924,501663.26,2024-09-29,E
1926,2925,980982.4,2024-12-02,E
1927,2926,34999.0,2024-09-28,E
1928,2927,258216.88,2024-07-31,E
1929,2928,457332.25,2025-01-29,E
1930,2929,924005.81,2025-01-06,E
1931,2930,840941.02,2024-08-25,E
1932,2931,21905.0,2024-06-10,E
1933,2932,267141.62,2025-03-23,E
1934,2933,166214.42,2024-09-04,E
1935,2934,627414.23,2025-01-12,E
1936,2935,576702.63,2024-04-25,E
1937,2936,113202.33,2024-08-06,E
1938,2937,981361.84,2024-05-05,E
1939,2938,35901.24,2024-11-14,E
1940,2939,26014.16,2025-03-24,E
1941,2940,366376.59,2024-09-15,E
1942,2941,463248.18,2025-03-19,E
1943,2942,338995.48,2024-05-05,E
1944,2943,894963.58,2024-06-10,E
1945,2944,398823.11,2025-03-22,E
1946,2945,398273.96,2025-02-28,E
1947,2946,951348.15,2025-02-07,E
1948,2947,492051.03,2025-03-14,E
1949,2948,102546.7,2024-07-27,E
1950,2949,882157.0,2025-01-03,E
1951,2950,924741.46,2024-08-19,E
1952,2951,148742.66,2024-09-17,E
1953,2952,61987.21,2025-01-16,E
1954,2953,82868.14,2024-11-15,E
1955,2954,481096.52,2024-07-14,E
1956,2955,31136.8,2024-06-26,E
1957,2956,997813.94,2024-07-25,E
1958,2957,58992.26,2024-07-13,E
1959,2958,696137.65,2024-06-11,E
1960,2959,781473.04,2024-10-29,E
1961,2960,120634.2,2024-10-17,E
1962,2961,872373.87,2025-04-14,E
1963,2962,934169.01,2024-04-20,E
1964,2963,92114.4,2024-11-12,E
1965,2964,84040.11,2025-04-11,E
1966,2965,257190.33,2024-06-10,E
1967,2966,971221.89,2025-01-21,E
1968,2967,154608.15,2025-04-05,E
1969,2968,680050.78,2025-01-12,E
1970,2969,744981.2,2025-04-11,E
1971,2970,430670.33,2024-06-21,E
1972,2971,158030.93,2024-12-30,E
1973,2972,798579.88,2025-04-06,E
1974,2973,685699.75,2025-03-11,E
1975,2974,248631.38,2024-12-27,E
1976,2975,778875.32,2024-04-17,E
1977,2976,718711.62,2025-02-13,E
1978,2977,684535.83,2024-12-27,E
1979,2978,979199.7,2024-12-04,E
1980,2979,366892.79,2025-02-07,E
1981,2980,860488.01,2024-05-08,E
1982,2981,598404.05,2024-12-15,E
1983,2982,212527.41,2024-12-30,E
1984,2983,182451.75,2024-04-21,E
1985,2984,102839.11,2024-06-25,E
1986,2985,874814.37,2025-01-13,E
1987,2986,178077.98,2024-09-05,E
1988,2987,805734.61,2024-06-11,E
1989,2988,849521.95,2024-04-17,E
1990,2989,210696.09,2024-04-23,E
1991,2990,607629.07,2024-07-09,E
1992,2991,408687.38,2025-03-01,E
1993,2992,724435.55,2025-01-21,E
1994,2993,424922.87,2025-01-17,E
1995,2994,319713.95,2025-01-26,E
1996,2995,465524.19,2024-07-11,E
1997,2996,330045.33,2024-07-06,E
1998,2997,732678.5,2025-01-14,E
1999,2998,441986.53,2024-07-24,E
2000,2999,496587.06,2024-11-10,E
